Order_ID,Order_Date,Product_Name,Category,Quantity,Unit_Price,Payment_Method,Order_Time,Total_Sales
1,2024-01-01 00:00:00,Muffin,Coffee,2,3.5,Cash,00:00:00,7.0
2,2024-01-01 01:00:00,Americano,Bakery,1,4.0,Card,01:00:00,4.0
3,2024-01-01 02:00:00,Sandwich,Bakery,2,4.0,Mobile Payment,02:00:00,8.0
4,2024-01-01 03:00:00,Mocha,Tea,4,2.5,Mobile Payment,03:00:00,10.0
5,2024-01-01 04:00:00,Muffin,Food,4,3.5,Card,04:00:00,14.0
6,2024-01-01 05:00:00,Tea,Coffee,4,3.0,Mobile Payment,05:00:00,12.0
7,2024-01-01 06:00:00,Latte,Bakery,4,4.0,Card,06:00:00,16.0
8,2024-01-01 07:00:00,Muffin,Bakery,2,4.0,Cash,07:00:00,8.0
9,2024-01-01 08:00:00,Sandwich,Coffee,3,2.5,Card,08:00:00,7.5
10,2024-01-01 09:00:00,Mocha,Food,2,4.5,Cash,09:00:00,9.0
11,2024-01-01 10:00:00,Americano,Coffee,1,3.0,Cash,10:00:00,3.0
12,2024-01-01 11:00:00,Sandwich,Food,4,5.0,Mobile Payment,11:00:00,20.0
13,2024-01-01 12:00:00,Sandwich,Bakery,4,3.5,Mobile Payment,12:00:00,14.0
14,2024-01-01 13:00:00,Latte,Food,1,4.0,Mobile Payment,13:00:00,4.0
15,2024-01-01 14:00:00,Croissant,Tea,2,4.0,Card,14:00:00,8.0
16,2024-01-01 15:00:00,Mocha,Bakery,3,5.0,Card,15:00:00,15.0
17,2024-01-01 16:00:00,Cappuccino,Tea,3,3.0,Mobile Payment,16:00:00,9.0
18,2024-01-01 17:00:00,Sandwich,Coffee,1,4.5,Card,17:00:00,4.5
19,2024-01-01 18:00:00,Croissant,Coffee,3,4.0,Mobile Payment,18:00:00,12.0
20,2024-01-01 19:00:00,Cappuccino,Coffee,2,3.0,Card,19:00:00,6.0
21,2024-01-01 20:00:00,Mocha,Food,2,5.0,Cash,20:00:00,10.0
22,2024-01-01 21:00:00,Espresso,Bakery,1,2.5,Cash,21:00:00,2.5
23,2024-01-01 22:00:00,Tea,Coffee,2,4.5,Mobile Payment,22:00:00,9.0
24,2024-01-01 23:00:00,Croissant,Coffee,4,3.5,Card,23:00:00,14.0
25,2024-01-02 00:00:00,Cake,Bakery,1,4.0,Card,00:00:00,4.0
26,2024-01-02 01:00:00,Espresso,Coffee,2,3.0,Cash,01:00:00,6.0
27,2024-01-02 02:00:00,Tea,Tea,1,2.5,Cash,02:00:00,2.5
28,2024-01-02 03:00:00,Latte,Bakery,3,3.5,Mobile Payment,03:00:00,10.5
29,2024-01-02 04:00:00,Muffin,Bakery,2,3.0,Cash,04:00:00,6.0
30,2024-01-02 05:00:00,Americano,Bakery,4,3.0,Mobile Payment,05:00:00,12.0
31,2024-01-02 06:00:00,Cake,Tea,2,3.5,Cash,06:00:00,7.0
32,2024-01-02 07:00:00,Latte,Bakery,1,2.5,Cash,07:00:00,2.5
33,2024-01-02 08:00:00,Mocha,Tea,1,5.0,Card,08:00:00,5.0
34,2024-01-02 09:00:00,Latte,Bakery,2,2.5,Cash,09:00:00,5.0
35,2024-01-02 10:00:00,Muffin,Food,4,4.5,Cash,10:00:00,18.0
36,2024-01-02 11:00:00,Mocha,Coffee,4,4.0,Mobile Payment,11:00:00,16.0
37,2024-01-02 12:00:00,Cake,Food,4,3.5,Cash,12:00:00,14.0
38,2024-01-02 13:00:00,Muffin,Coffee,1,5.0,Mobile Payment,13:00:00,5.0
39,2024-01-02 14:00:00,Cappuccino,Tea,2,3.5,Cash,14:00:00,7.0
40,2024-01-02 15:00:00,Americano,Food,3,3.5,Cash,15:00:00,10.5
41,2024-01-02 16:00:00,Cake,Bakery,1,2.5,Mobile Payment,16:00:00,2.5
42,2024-01-02 17:00:00,Cappuccino,Coffee,4,4.0,Card,17:00:00,16.0
43,2024-01-02 18:00:00,Tea,Coffee,2,4.5,Mobile Payment,18:00:00,9.0
44,2024-01-02 19:00:00,Cake,Food,4,3.0,Mobile Payment,19:00:00,12.0
45,2024-01-02 20:00:00,Tea,Tea,3,3.0,Mobile Payment,20:00:00,9.0
46,2024-01-02 21:00:00,Mocha,Food,4,3.5,Card,21:00:00,14.0
47,2024-01-02 22:00:00,Cappuccino,Tea,4,4.0,Cash,22:00:00,16.0
48,2024-01-02 23:00:00,Americano,Tea,3,5.0,Mobile Payment,23:00:00,15.0
49,2024-01-03 00:00:00,Muffin,Coffee,2,2.5,Mobile Payment,00:00:00,5.0
50,2024-01-03 01:00:00,Sandwich,Food,1,4.0,Card,01:00:00,4.0
51,2024-01-03 02:00:00,Latte,Food,2,4.0,Mobile Payment,02:00:00,8.0
52,2024-01-03 03:00:00,Espresso,Tea,3,2.5,Cash,03:00:00,7.5
53,2024-01-03 04:00:00,Americano,Food,4,3.5,Card,04:00:00,14.0
54,2024-01-03 05:00:00,Cappuccino,Bakery,2,4.0,Cash,05:00:00,8.0
55,2024-01-03 06:00:00,Sandwich,Bakery,1,3.0,Cash,06:00:00,3.0
56,2024-01-03 07:00:00,Americano,Food,3,2.5,Card,07:00:00,7.5
57,2024-01-03 08:00:00,Cappuccino,Food,2,5.0,Mobile Payment,08:00:00,10.0
58,2024-01-03 09:00:00,Croissant,Tea,1,4.5,Cash,09:00:00,4.5
59,2024-01-03 10:00:00,Croissant,Bakery,3,3.5,Cash,10:00:00,10.5
60,2024-01-03 11:00:00,Tea,Bakery,1,2.5,Cash,11:00:00,2.5
61,2024-01-03 12:00:00,Americano,Coffee,3,4.5,Cash,12:00:00,13.5
62,2024-01-03 13:00:00,Croissant,Tea,4,4.5,Card,13:00:00,18.0
63,2024-01-03 14:00:00,Cappuccino,Coffee,2,5.0,Card,14:00:00,10.0
64,2024-01-03 15:00:00,Tea,Bakery,1,4.0,Cash,15:00:00,4.0
65,2024-01-03 16:00:00,Cappuccino,Tea,3,5.0,Mobile Payment,16:00:00,15.0
66,2024-01-03 17:00:00,Tea,Food,1,4.0,Cash,17:00:00,4.0
67,2024-01-03 18:00:00,Americano,Tea,1,4.0,Mobile Payment,18:00:00,4.0
68,2024-01-03 19:00:00,Sandwich,Food,2,2.5,Cash,19:00:00,5.0
69,2024-01-03 20:00:00,Muffin,Food,4,2.5,Mobile Payment,20:00:00,10.0
70,2024-01-03 21:00:00,Cake,Tea,1,3.5,Cash,21:00:00,3.5
71,2024-01-03 22:00:00,Sandwich,Food,3,4.0,Mobile Payment,22:00:00,12.0
72,2024-01-03 23:00:00,Mocha,Coffee,3,4.5,Cash,23:00:00,13.5
73,2024-01-04 00:00:00,Cappuccino,Bakery,4,3.0,Cash,00:00:00,12.0
74,2024-01-04 01:00:00,Mocha,Food,3,3.5,Mobile Payment,01:00:00,10.5
75,2024-01-04 02:00:00,Sandwich,Coffee,4,2.5,Card,02:00:00,10.0
76,2024-01-04 03:00:00,Tea,Food,3,5.0,Mobile Payment,03:00:00,15.0
77,2024-01-04 04:00:00,Cake,Bakery,2,3.5,Card,04:00:00,7.0
78,2024-01-04 05:00:00,Cake,Coffee,1,3.5,Cash,05:00:00,3.5
79,2024-01-04 06:00:00,Espresso,Bakery,2,3.5,Mobile Payment,06:00:00,7.0
80,2024-01-04 07:00:00,Cake,Bakery,1,3.5,Mobile Payment,07:00:00,3.5
81,2024-01-04 08:00:00,Muffin,Coffee,1,3.0,Mobile Payment,08:00:00,3.0
82,2024-01-04 09:00:00,Cake,Coffee,1,5.0,Card,09:00:00,5.0
83,2024-01-04 10:00:00,Sandwich,Coffee,2,5.0,Card,10:00:00,10.0
84,2024-01-04 11:00:00,Espresso,Tea,1,5.0,Cash,11:00:00,5.0
85,2024-01-04 12:00:00,Sandwich,Coffee,2,4.0,Card,12:00:00,8.0
86,2024-01-04 13:00:00,Sandwich,Coffee,4,4.5,Card,13:00:00,18.0
87,2024-01-04 14:00:00,Latte,Coffee,3,5.0,Cash,14:00:00,15.0
88,2024-01-04 15:00:00,Espresso,Coffee,3,3.5,Mobile Payment,15:00:00,10.5
89,2024-01-04 16:00:00,Sandwich,Food,1,3.5,Mobile Payment,16:00:00,3.5
90,2024-01-04 17:00:00,Latte,Tea,2,5.0,Cash,17:00:00,10.0
91,2024-01-04 18:00:00,Latte,Bakery,3,5.0,Mobile Payment,18:00:00,15.0
92,2024-01-04 19:00:00,Espresso,Coffee,2,3.5,Card,19:00:00,7.0
93,2024-01-04 20:00:00,Mocha,Food,2,4.0,Cash,20:00:00,8.0
94,2024-01-04 21:00:00,Tea,Food,1,2.5,Cash,21:00:00,2.5
95,2024-01-04 22:00:00,Muffin,Food,3,2.5,Cash,22:00:00,7.5
96,2024-01-04 23:00:00,Tea,Bakery,1,5.0,Mobile Payment,23:00:00,5.0
97,2024-01-05 00:00:00,Cake,Coffee,1,3.0,Cash,00:00:00,3.0
98,2024-01-05 01:00:00,Muffin,Tea,3,5.0,Cash,01:00:00,15.0
99,2024-01-05 02:00:00,Cake,Tea,3,5.0,Cash,02:00:00,15.0
100,2024-01-05 03:00:00,Sandwich,Food,4,2.5,Mobile Payment,03:00:00,10.0
101,2024-01-05 04:00:00,Cappuccino,Bakery,4,3.5,Card,04:00:00,14.0
102,2024-01-05 05:00:00,Espresso,Bakery,2,5.0,Cash,05:00:00,10.0
103,2024-01-05 06:00:00,Muffin,Bakery,3,3.5,Card,06:00:00,10.5
104,2024-01-05 07:00:00,Muffin,Tea,4,3.5,Mobile Payment,07:00:00,14.0
105,2024-01-05 08:00:00,Sandwich,Food,2,3.0,Mobile Payment,08:00:00,6.0
106,2024-01-05 09:00:00,Mocha,Coffee,2,3.5,Mobile Payment,09:00:00,7.0
107,2024-01-05 10:00:00,Latte,Tea,2,2.5,Mobile Payment,10:00:00,5.0
108,2024-01-05 11:00:00,Sandwich,Food,4,4.0,Card,11:00:00,16.0
109,2024-01-05 12:00:00,Croissant,Food,3,4.0,Cash,12:00:00,12.0
110,2024-01-05 13:00:00,Latte,Coffee,1,4.5,Mobile Payment,13:00:00,4.5
111,2024-01-05 14:00:00,Espresso,Coffee,2,5.0,Mobile Payment,14:00:00,10.0
112,2024-01-05 15:00:00,Latte,Coffee,4,2.5,Card,15:00:00,10.0
113,2024-01-05 16:00:00,Mocha,Bakery,4,3.5,Card,16:00:00,14.0
114,2024-01-05 17:00:00,Latte,Coffee,1,4.0,Mobile Payment,17:00:00,4.0
115,2024-01-05 18:00:00,Espresso,Food,1,2.5,Cash,18:00:00,2.5
116,2024-01-05 19:00:00,Mocha,Coffee,4,4.0,Cash,19:00:00,16.0
117,2024-01-05 20:00:00,Tea,Food,3,3.5,Mobile Payment,20:00:00,10.5
118,2024-01-05 21:00:00,Muffin,Tea,1,4.0,Card,21:00:00,4.0
119,2024-01-05 22:00:00,Muffin,Bakery,4,5.0,Mobile Payment,22:00:00,20.0
120,2024-01-05 23:00:00,Cake,Tea,1,5.0,Mobile Payment,23:00:00,5.0
121,2024-01-06 00:00:00,Tea,Tea,3,4.5,Card,00:00:00,13.5
122,2024-01-06 01:00:00,Tea,Food,2,4.5,Mobile Payment,01:00:00,9.0
123,2024-01-06 02:00:00,Latte,Tea,1,4.0,Mobile Payment,02:00:00,4.0
124,2024-01-06 03:00:00,Muffin,Food,3,2.5,Mobile Payment,03:00:00,7.5
125,2024-01-06 04:00:00,Espresso,Coffee,4,5.0,Card,04:00:00,20.0
126,2024-01-06 05:00:00,Americano,Coffee,1,2.5,Cash,05:00:00,2.5
127,2024-01-06 06:00:00,Americano,Food,1,2.5,Cash,06:00:00,2.5
128,2024-01-06 07:00:00,Mocha,Coffee,4,4.0,Card,07:00:00,16.0
129,2024-01-06 08:00:00,Muffin,Bakery,2,2.5,Cash,08:00:00,5.0
130,2024-01-06 09:00:00,Muffin,Tea,4,5.0,Mobile Payment,09:00:00,20.0
131,2024-01-06 10:00:00,Americano,Bakery,1,3.5,Cash,10:00:00,3.5
132,2024-01-06 11:00:00,Muffin,Tea,4,4.5,Mobile Payment,11:00:00,18.0
133,2024-01-06 12:00:00,Latte,Coffee,3,3.5,Cash,12:00:00,10.5
134,2024-01-06 13:00:00,Croissant,Bakery,4,2.5,Card,13:00:00,10.0
135,2024-01-06 14:00:00,Cappuccino,Coffee,1,3.5,Cash,14:00:00,3.5
136,2024-01-06 15:00:00,Tea,Tea,4,5.0,Cash,15:00:00,20.0
137,2024-01-06 16:00:00,Cake,Food,2,5.0,Cash,16:00:00,10.0
138,2024-01-06 17:00:00,Mocha,Food,4,2.5,Card,17:00:00,10.0
139,2024-01-06 18:00:00,Croissant,Bakery,2,4.0,Cash,18:00:00,8.0
140,2024-01-06 19:00:00,Americano,Coffee,3,3.5,Card,19:00:00,10.5
141,2024-01-06 20:00:00,Tea,Coffee,2,4.0,Mobile Payment,20:00:00,8.0
142,2024-01-06 21:00:00,Muffin,Bakery,4,4.0,Cash,21:00:00,16.0
143,2024-01-06 22:00:00,Cake,Food,1,3.0,Card,22:00:00,3.0
144,2024-01-06 23:00:00,Muffin,Tea,2,2.5,Card,23:00:00,5.0
145,2024-01-07 00:00:00,Espresso,Bakery,3,4.5,Cash,00:00:00,13.5
146,2024-01-07 01:00:00,Espresso,Tea,2,5.0,Mobile Payment,01:00:00,10.0
147,2024-01-07 02:00:00,Cake,Food,2,5.0,Card,02:00:00,10.0
148,2024-01-07 03:00:00,Cake,Coffee,2,2.5,Cash,03:00:00,5.0
149,2024-01-07 04:00:00,Americano,Food,3,4.5,Mobile Payment,04:00:00,13.5
150,2024-01-07 05:00:00,Cake,Bakery,4,5.0,Card,05:00:00,20.0
151,2024-01-07 06:00:00,Latte,Coffee,2,2.5,Card,06:00:00,5.0
152,2024-01-07 07:00:00,Muffin,Bakery,2,5.0,Mobile Payment,07:00:00,10.0
153,2024-01-07 08:00:00,Croissant,Bakery,1,4.0,Mobile Payment,08:00:00,4.0
154,2024-01-07 09:00:00,Sandwich,Food,3,3.5,Cash,09:00:00,10.5
155,2024-01-07 10:00:00,Cake,Bakery,2,3.5,Cash,10:00:00,7.0
156,2024-01-07 11:00:00,Mocha,Food,3,5.0,Card,11:00:00,15.0
157,2024-01-07 12:00:00,Espresso,Coffee,2,3.0,Mobile Payment,12:00:00,6.0
158,2024-01-07 13:00:00,Latte,Food,4,4.5,Mobile Payment,13:00:00,18.0
159,2024-01-07 14:00:00,Tea,Coffee,4,4.5,Mobile Payment,14:00:00,18.0
160,2024-01-07 15:00:00,Sandwich,Food,2,4.5,Card,15:00:00,9.0
161,2024-01-07 16:00:00,Croissant,Tea,4,4.0,Mobile Payment,16:00:00,16.0
162,2024-01-07 17:00:00,Sandwich,Tea,2,4.5,Mobile Payment,17:00:00,9.0
163,2024-01-07 18:00:00,Cake,Bakery,4,3.5,Card,18:00:00,14.0
164,2024-01-07 19:00:00,Americano,Food,1,4.0,Cash,19:00:00,4.0
165,2024-01-07 20:00:00,Espresso,Food,1,2.5,Cash,20:00:00,2.5
166,2024-01-07 21:00:00,Espresso,Coffee,1,4.5,Card,21:00:00,4.5
167,2024-01-07 22:00:00,Tea,Bakery,3,4.5,Mobile Payment,22:00:00,13.5
168,2024-01-07 23:00:00,Americano,Food,3,2.5,Card,23:00:00,7.5
169,2024-01-08 00:00:00,Muffin,Bakery,1,4.5,Cash,00:00:00,4.5
170,2024-01-08 01:00:00,Cappuccino,Tea,3,2.5,Cash,01:00:00,7.5
171,2024-01-08 02:00:00,Latte,Food,4,4.0,Card,02:00:00,16.0
172,2024-01-08 03:00:00,Espresso,Food,2,3.5,Card,03:00:00,7.0
173,2024-01-08 04:00:00,Mocha,Bakery,2,2.5,Cash,04:00:00,5.0
174,2024-01-08 05:00:00,Espresso,Food,2,3.0,Card,05:00:00,6.0
175,2024-01-08 06:00:00,Sandwich,Bakery,1,2.5,Cash,06:00:00,2.5
176,2024-01-08 07:00:00,Espresso,Food,3,4.5,Card,07:00:00,13.5
177,2024-01-08 08:00:00,Espresso,Coffee,4,4.0,Card,08:00:00,16.0
178,2024-01-08 09:00:00,Cappuccino,Bakery,4,5.0,Card,09:00:00,20.0
179,2024-01-08 10:00:00,Cappuccino,Food,1,4.0,Cash,10:00:00,4.0
180,2024-01-08 11:00:00,Croissant,Tea,4,5.0,Card,11:00:00,20.0
181,2024-01-08 12:00:00,Muffin,Food,4,2.5,Cash,12:00:00,10.0
182,2024-01-08 13:00:00,Mocha,Tea,4,3.5,Cash,13:00:00,14.0
183,2024-01-08 14:00:00,Espresso,Tea,4,3.0,Card,14:00:00,12.0
184,2024-01-08 15:00:00,Espresso,Coffee,3,4.0,Card,15:00:00,12.0
185,2024-01-08 16:00:00,Latte,Bakery,4,4.5,Cash,16:00:00,18.0
186,2024-01-08 17:00:00,Cappuccino,Food,2,5.0,Cash,17:00:00,10.0
187,2024-01-08 18:00:00,Mocha,Coffee,1,4.5,Mobile Payment,18:00:00,4.5
188,2024-01-08 19:00:00,Tea,Food,3,3.5,Cash,19:00:00,10.5
189,2024-01-08 20:00:00,Croissant,Tea,4,5.0,Mobile Payment,20:00:00,20.0
190,2024-01-08 21:00:00,Muffin,Bakery,3,4.0,Mobile Payment,21:00:00,12.0
191,2024-01-08 22:00:00,Americano,Food,4,2.5,Mobile Payment,22:00:00,10.0
192,2024-01-08 23:00:00,Muffin,Food,2,4.5,Card,23:00:00,9.0
193,2024-01-09 00:00:00,Sandwich,Tea,1,3.5,Card,00:00:00,3.5
194,2024-01-09 01:00:00,Espresso,Food,4,4.0,Cash,01:00:00,16.0
195,2024-01-09 02:00:00,Croissant,Food,4,4.0,Mobile Payment,02:00:00,16.0
196,2024-01-09 03:00:00,Sandwich,Tea,4,4.0,Card,03:00:00,16.0
197,2024-01-09 04:00:00,Mocha,Coffee,4,4.0,Card,04:00:00,16.0
198,2024-01-09 05:00:00,Americano,Tea,1,5.0,Card,05:00:00,5.0
199,2024-01-09 06:00:00,Cappuccino,Coffee,1,4.0,Card,06:00:00,4.0
200,2024-01-09 07:00:00,Croissant,Bakery,2,4.5,Card,07:00:00,9.0
201,2024-01-09 08:00:00,Croissant,Coffee,1,3.5,Mobile Payment,08:00:00,3.5
202,2024-01-09 09:00:00,Espresso,Coffee,4,5.0,Mobile Payment,09:00:00,20.0
203,2024-01-09 10:00:00,Cake,Bakery,2,4.0,Mobile Payment,10:00:00,8.0
204,2024-01-09 11:00:00,Croissant,Coffee,2,3.0,Mobile Payment,11:00:00,6.0
205,2024-01-09 12:00:00,Latte,Tea,2,3.0,Cash,12:00:00,6.0
206,2024-01-09 13:00:00,Americano,Coffee,4,3.5,Mobile Payment,13:00:00,14.0
207,2024-01-09 14:00:00,Americano,Bakery,3,2.5,Card,14:00:00,7.5
208,2024-01-09 15:00:00,Latte,Tea,4,2.5,Mobile Payment,15:00:00,10.0
209,2024-01-09 16:00:00,Tea,Bakery,1,5.0,Cash,16:00:00,5.0
210,2024-01-09 17:00:00,Latte,Bakery,1,5.0,Card,17:00:00,5.0
211,2024-01-09 18:00:00,Latte,Food,4,5.0,Mobile Payment,18:00:00,20.0
212,2024-01-09 19:00:00,Americano,Food,4,2.5,Mobile Payment,19:00:00,10.0
213,2024-01-09 20:00:00,Muffin,Bakery,2,3.0,Mobile Payment,20:00:00,6.0
214,2024-01-09 21:00:00,Americano,Bakery,4,2.5,Card,21:00:00,10.0
215,2024-01-09 22:00:00,Cake,Bakery,2,4.5,Card,22:00:00,9.0
216,2024-01-09 23:00:00,Espresso,Food,1,4.0,Cash,23:00:00,4.0
217,2024-01-10 00:00:00,Sandwich,Food,2,5.0,Card,00:00:00,10.0
218,2024-01-10 01:00:00,Muffin,Coffee,4,3.0,Card,01:00:00,12.0
219,2024-01-10 02:00:00,Cappuccino,Coffee,1,3.5,Mobile Payment,02:00:00,3.5
220,2024-01-10 03:00:00,Sandwich,Bakery,3,3.5,Card,03:00:00,10.5
221,2024-01-10 04:00:00,Espresso,Tea,2,4.0,Mobile Payment,04:00:00,8.0
222,2024-01-10 05:00:00,Cake,Tea,1,3.0,Mobile Payment,05:00:00,3.0
223,2024-01-10 06:00:00,Cake,Food,2,2.5,Card,06:00:00,5.0
224,2024-01-10 07:00:00,Cappuccino,Food,1,2.5,Cash,07:00:00,2.5
225,2024-01-10 08:00:00,Muffin,Food,1,4.5,Cash,08:00:00,4.5
226,2024-01-10 09:00:00,Tea,Bakery,2,4.5,Card,09:00:00,9.0
227,2024-01-10 10:00:00,Latte,Tea,3,2.5,Cash,10:00:00,7.5
228,2024-01-10 11:00:00,Muffin,Coffee,1,3.5,Mobile Payment,11:00:00,3.5
229,2024-01-10 12:00:00,Tea,Bakery,1,5.0,Mobile Payment,12:00:00,5.0
230,2024-01-10 13:00:00,Cake,Coffee,1,3.5,Card,13:00:00,3.5
231,2024-01-10 14:00:00,Americano,Coffee,3,4.5,Cash,14:00:00,13.5
232,2024-01-10 15:00:00,Espresso,Bakery,3,4.0,Cash,15:00:00,12.0
233,2024-01-10 16:00:00,Cappuccino,Coffee,4,2.5,Mobile Payment,16:00:00,10.0
234,2024-01-10 17:00:00,Espresso,Tea,2,4.5,Card,17:00:00,9.0
235,2024-01-10 18:00:00,Mocha,Coffee,3,4.5,Cash,18:00:00,13.5
236,2024-01-10 19:00:00,Mocha,Tea,2,5.0,Card,19:00:00,10.0
237,2024-01-10 20:00:00,Muffin,Tea,4,2.5,Cash,20:00:00,10.0
238,2024-01-10 21:00:00,Cake,Tea,2,5.0,Mobile Payment,21:00:00,10.0
239,2024-01-10 22:00:00,Cake,Food,3,2.5,Mobile Payment,22:00:00,7.5
240,2024-01-10 23:00:00,Latte,Coffee,2,5.0,Card,23:00:00,10.0
241,2024-01-11 00:00:00,Latte,Bakery,3,3.5,Mobile Payment,00:00:00,10.5
242,2024-01-11 01:00:00,Latte,Bakery,2,4.0,Cash,01:00:00,8.0
243,2024-01-11 02:00:00,Americano,Coffee,3,4.0,Mobile Payment,02:00:00,12.0
244,2024-01-11 03:00:00,Sandwich,Food,3,2.5,Card,03:00:00,7.5
245,2024-01-11 04:00:00,Croissant,Food,2,3.0,Card,04:00:00,6.0
246,2024-01-11 05:00:00,Sandwich,Tea,4,4.5,Card,05:00:00,18.0
247,2024-01-11 06:00:00,Espresso,Coffee,1,4.5,Cash,06:00:00,4.5
248,2024-01-11 07:00:00,Sandwich,Coffee,4,2.5,Cash,07:00:00,10.0
249,2024-01-11 08:00:00,Americano,Bakery,2,5.0,Cash,08:00:00,10.0
250,2024-01-11 09:00:00,Espresso,Coffee,4,3.0,Cash,09:00:00,12.0
251,2024-01-11 10:00:00,Sandwich,Food,3,3.5,Cash,10:00:00,10.5
252,2024-01-11 11:00:00,Americano,Coffee,1,5.0,Mobile Payment,11:00:00,5.0
253,2024-01-11 12:00:00,Croissant,Bakery,2,5.0,Cash,12:00:00,10.0
254,2024-01-11 13:00:00,Sandwich,Tea,2,2.5,Cash,13:00:00,5.0
255,2024-01-11 14:00:00,Americano,Bakery,2,2.5,Mobile Payment,14:00:00,5.0
256,2024-01-11 15:00:00,Latte,Bakery,1,4.5,Cash,15:00:00,4.5
257,2024-01-11 16:00:00,Cake,Tea,3,2.5,Card,16:00:00,7.5
258,2024-01-11 17:00:00,Latte,Bakery,2,2.5,Cash,17:00:00,5.0
259,2024-01-11 18:00:00,Cake,Bakery,4,2.5,Cash,18:00:00,10.0
260,2024-01-11 19:00:00,Cappuccino,Coffee,2,4.5,Card,19:00:00,9.0
261,2024-01-11 20:00:00,Cappuccino,Coffee,2,3.5,Card,20:00:00,7.0
262,2024-01-11 21:00:00,Cappuccino,Tea,2,3.5,Card,21:00:00,7.0
263,2024-01-11 22:00:00,Croissant,Coffee,2,2.5,Card,22:00:00,5.0
264,2024-01-11 23:00:00,Latte,Coffee,3,4.5,Cash,23:00:00,13.5
265,2024-01-12 00:00:00,Cake,Bakery,4,3.5,Card,00:00:00,14.0
266,2024-01-12 01:00:00,Americano,Food,3,5.0,Card,01:00:00,15.0
267,2024-01-12 02:00:00,Espresso,Coffee,4,3.5,Mobile Payment,02:00:00,14.0
268,2024-01-12 03:00:00,Americano,Food,2,3.5,Card,03:00:00,7.0
269,2024-01-12 04:00:00,Espresso,Coffee,1,4.5,Card,04:00:00,4.5
270,2024-01-12 05:00:00,Mocha,Coffee,3,5.0,Mobile Payment,05:00:00,15.0
271,2024-01-12 06:00:00,Americano,Tea,1,4.5,Mobile Payment,06:00:00,4.5
272,2024-01-12 07:00:00,Sandwich,Tea,3,2.5,Cash,07:00:00,7.5
273,2024-01-12 08:00:00,Sandwich,Tea,2,4.0,Mobile Payment,08:00:00,8.0
274,2024-01-12 09:00:00,Muffin,Food,3,3.5,Cash,09:00:00,10.5
275,2024-01-12 10:00:00,Latte,Bakery,2,4.0,Mobile Payment,10:00:00,8.0
276,2024-01-12 11:00:00,Espresso,Coffee,3,4.5,Mobile Payment,11:00:00,13.5
277,2024-01-12 12:00:00,Espresso,Coffee,2,4.5,Cash,12:00:00,9.0
278,2024-01-12 13:00:00,Latte,Coffee,2,4.5,Mobile Payment,13:00:00,9.0
279,2024-01-12 14:00:00,Croissant,Food,4,4.0,Cash,14:00:00,16.0
280,2024-01-12 15:00:00,Muffin,Tea,2,4.5,Mobile Payment,15:00:00,9.0
281,2024-01-12 16:00:00,Croissant,Bakery,4,2.5,Card,16:00:00,10.0
282,2024-01-12 17:00:00,Croissant,Food,2,4.5,Mobile Payment,17:00:00,9.0
283,2024-01-12 18:00:00,Croissant,Tea,1,3.0,Cash,18:00:00,3.0
284,2024-01-12 19:00:00,Latte,Food,2,4.0,Mobile Payment,19:00:00,8.0
285,2024-01-12 20:00:00,Croissant,Bakery,1,3.0,Cash,20:00:00,3.0
286,2024-01-12 21:00:00,Sandwich,Tea,1,4.5,Cash,21:00:00,4.5
287,2024-01-12 22:00:00,Cappuccino,Food,2,2.5,Card,22:00:00,5.0
288,2024-01-12 23:00:00,Mocha,Bakery,1,3.5,Card,23:00:00,3.5
289,2024-01-13 00:00:00,Espresso,Coffee,4,5.0,Cash,00:00:00,20.0
290,2024-01-13 01:00:00,Espresso,Bakery,3,5.0,Mobile Payment,01:00:00,15.0
291,2024-01-13 02:00:00,Mocha,Coffee,2,4.5,Cash,02:00:00,9.0
292,2024-01-13 03:00:00,Latte,Food,1,2.5,Cash,03:00:00,2.5
293,2024-01-13 04:00:00,Americano,Tea,2,4.0,Mobile Payment,04:00:00,8.0
294,2024-01-13 05:00:00,Latte,Tea,4,3.0,Mobile Payment,05:00:00,12.0
295,2024-01-13 06:00:00,Espresso,Food,2,3.0,Mobile Payment,06:00:00,6.0
296,2024-01-13 07:00:00,Espresso,Tea,2,3.0,Mobile Payment,07:00:00,6.0
297,2024-01-13 08:00:00,Mocha,Tea,1,4.0,Cash,08:00:00,4.0
298,2024-01-13 09:00:00,Croissant,Coffee,4,5.0,Cash,09:00:00,20.0
299,2024-01-13 10:00:00,Latte,Food,3,2.5,Card,10:00:00,7.5
300,2024-01-13 11:00:00,Cake,Bakery,3,4.0,Cash,11:00:00,12.0
301,2024-01-13 12:00:00,Mocha,Coffee,1,3.0,Mobile Payment,12:00:00,3.0
302,2024-01-13 13:00:00,Sandwich,Food,2,4.5,Card,13:00:00,9.0
303,2024-01-13 14:00:00,Espresso,Coffee,1,3.5,Mobile Payment,14:00:00,3.5
304,2024-01-13 15:00:00,Mocha,Bakery,1,4.0,Cash,15:00:00,4.0
305,2024-01-13 16:00:00,Latte,Bakery,1,4.0,Card,16:00:00,4.0
306,2024-01-13 17:00:00,Espresso,Food,2,2.5,Mobile Payment,17:00:00,5.0
307,2024-01-13 18:00:00,Americano,Bakery,4,2.5,Card,18:00:00,10.0
308,2024-01-13 19:00:00,Mocha,Coffee,1,4.0,Card,19:00:00,4.0
309,2024-01-13 20:00:00,Muffin,Bakery,2,3.0,Cash,20:00:00,6.0
310,2024-01-13 21:00:00,Espresso,Coffee,4,3.5,Mobile Payment,21:00:00,14.0
311,2024-01-13 22:00:00,Latte,Coffee,1,2.5,Card,22:00:00,2.5
312,2024-01-13 23:00:00,Cappuccino,Bakery,3,3.0,Card,23:00:00,9.0
313,2024-01-14 00:00:00,Cake,Food,4,4.5,Mobile Payment,00:00:00,18.0
314,2024-01-14 01:00:00,Tea,Tea,1,2.5,Card,01:00:00,2.5
315,2024-01-14 02:00:00,Croissant,Bakery,4,3.0,Card,02:00:00,12.0
316,2024-01-14 03:00:00,Tea,Coffee,4,3.0,Card,03:00:00,12.0
317,2024-01-14 04:00:00,Latte,Coffee,4,3.5,Mobile Payment,04:00:00,14.0
318,2024-01-14 05:00:00,Sandwich,Bakery,4,3.5,Mobile Payment,05:00:00,14.0
319,2024-01-14 06:00:00,Sandwich,Food,4,4.5,Mobile Payment,06:00:00,18.0
320,2024-01-14 07:00:00,Cappuccino,Food,4,3.0,Mobile Payment,07:00:00,12.0
321,2024-01-14 08:00:00,Croissant,Coffee,1,5.0,Cash,08:00:00,5.0
322,2024-01-14 09:00:00,Muffin,Coffee,3,3.0,Card,09:00:00,9.0
323,2024-01-14 10:00:00,Cappuccino,Food,2,3.5,Mobile Payment,10:00:00,7.0
324,2024-01-14 11:00:00,Tea,Tea,4,5.0,Card,11:00:00,20.0
325,2024-01-14 12:00:00,Cappuccino,Bakery,2,2.5,Card,12:00:00,5.0
326,2024-01-14 13:00:00,Tea,Coffee,1,2.5,Cash,13:00:00,2.5
327,2024-01-14 14:00:00,Espresso,Coffee,4,4.0,Mobile Payment,14:00:00,16.0
328,2024-01-14 15:00:00,Sandwich,Food,3,3.5,Mobile Payment,15:00:00,10.5
329,2024-01-14 16:00:00,Espresso,Bakery,2,4.0,Card,16:00:00,8.0
330,2024-01-14 17:00:00,Cake,Food,4,5.0,Mobile Payment,17:00:00,20.0
331,2024-01-14 18:00:00,Croissant,Bakery,1,3.5,Card,18:00:00,3.5
332,2024-01-14 19:00:00,Muffin,Bakery,3,4.5,Card,19:00:00,13.5
333,2024-01-14 20:00:00,Tea,Bakery,2,3.0,Cash,20:00:00,6.0
334,2024-01-14 21:00:00,Muffin,Coffee,2,4.5,Cash,21:00:00,9.0
335,2024-01-14 22:00:00,Tea,Tea,4,5.0,Cash,22:00:00,20.0
336,2024-01-14 23:00:00,Latte,Food,3,3.5,Card,23:00:00,10.5
337,2024-01-15 00:00:00,Cappuccino,Tea,3,5.0,Mobile Payment,00:00:00,15.0
338,2024-01-15 01:00:00,Cake,Food,3,3.0,Cash,01:00:00,9.0
339,2024-01-15 02:00:00,Sandwich,Bakery,3,2.5,Mobile Payment,02:00:00,7.5
340,2024-01-15 03:00:00,Tea,Coffee,1,2.5,Cash,03:00:00,2.5
341,2024-01-15 04:00:00,Muffin,Tea,3,5.0,Cash,04:00:00,15.0
342,2024-01-15 05:00:00,Cake,Coffee,2,4.0,Card,05:00:00,8.0
343,2024-01-15 06:00:00,Americano,Food,2,3.5,Cash,06:00:00,7.0
344,2024-01-15 07:00:00,Americano,Coffee,1,3.5,Cash,07:00:00,3.5
345,2024-01-15 08:00:00,Espresso,Coffee,2,2.5,Card,08:00:00,5.0
346,2024-01-15 09:00:00,Sandwich,Tea,2,4.5,Mobile Payment,09:00:00,9.0
347,2024-01-15 10:00:00,Latte,Bakery,3,3.0,Cash,10:00:00,9.0
348,2024-01-15 11:00:00,Muffin,Coffee,2,4.5,Card,11:00:00,9.0
349,2024-01-15 12:00:00,Cappuccino,Bakery,1,4.5,Cash,12:00:00,4.5
350,2024-01-15 13:00:00,Cappuccino,Food,3,5.0,Card,13:00:00,15.0
351,2024-01-15 14:00:00,Muffin,Coffee,4,2.5,Mobile Payment,14:00:00,10.0
352,2024-01-15 15:00:00,Croissant,Tea,3,2.5,Mobile Payment,15:00:00,7.5
353,2024-01-15 16:00:00,Latte,Food,1,2.5,Card,16:00:00,2.5
354,2024-01-15 17:00:00,Cake,Food,3,5.0,Card,17:00:00,15.0
355,2024-01-15 18:00:00,Tea,Tea,3,4.0,Card,18:00:00,12.0
356,2024-01-15 19:00:00,Croissant,Coffee,1,4.5,Mobile Payment,19:00:00,4.5
357,2024-01-15 20:00:00,Tea,Coffee,3,5.0,Cash,20:00:00,15.0
358,2024-01-15 21:00:00,Tea,Food,1,3.5,Mobile Payment,21:00:00,3.5
359,2024-01-15 22:00:00,Croissant,Coffee,1,3.0,Card,22:00:00,3.0
360,2024-01-15 23:00:00,Espresso,Bakery,4,4.0,Card,23:00:00,16.0
361,2024-01-16 00:00:00,Americano,Tea,2,3.5,Mobile Payment,00:00:00,7.0
362,2024-01-16 01:00:00,Tea,Bakery,2,4.5,Card,01:00:00,9.0
363,2024-01-16 02:00:00,Croissant,Coffee,3,2.5,Mobile Payment,02:00:00,7.5
364,2024-01-16 03:00:00,Croissant,Food,3,4.5,Card,03:00:00,13.5
365,2024-01-16 04:00:00,Mocha,Tea,4,5.0,Cash,04:00:00,20.0
366,2024-01-16 05:00:00,Espresso,Coffee,4,3.0,Cash,05:00:00,12.0
367,2024-01-16 06:00:00,Sandwich,Coffee,4,5.0,Card,06:00:00,20.0
368,2024-01-16 07:00:00,Mocha,Food,1,4.0,Mobile Payment,07:00:00,4.0
369,2024-01-16 08:00:00,Mocha,Food,4,4.0,Cash,08:00:00,16.0
370,2024-01-16 09:00:00,Muffin,Bakery,4,3.0,Mobile Payment,09:00:00,12.0
371,2024-01-16 10:00:00,Americano,Tea,3,3.5,Card,10:00:00,10.5
372,2024-01-16 11:00:00,Croissant,Tea,4,3.5,Mobile Payment,11:00:00,14.0
373,2024-01-16 12:00:00,Americano,Food,1,4.0,Cash,12:00:00,4.0
374,2024-01-16 13:00:00,Latte,Bakery,1,4.0,Mobile Payment,13:00:00,4.0
375,2024-01-16 14:00:00,Muffin,Tea,3,2.5,Mobile Payment,14:00:00,7.5
376,2024-01-16 15:00:00,Sandwich,Food,4,3.5,Card,15:00:00,14.0
377,2024-01-16 16:00:00,Americano,Coffee,4,3.0,Card,16:00:00,12.0
378,2024-01-16 17:00:00,Cappuccino,Tea,1,3.5,Card,17:00:00,3.5
379,2024-01-16 18:00:00,Tea,Bakery,4,2.5,Cash,18:00:00,10.0
380,2024-01-16 19:00:00,Latte,Bakery,4,5.0,Cash,19:00:00,20.0
381,2024-01-16 20:00:00,Espresso,Bakery,4,4.0,Card,20:00:00,16.0
382,2024-01-16 21:00:00,Sandwich,Coffee,2,4.0,Card,21:00:00,8.0
383,2024-01-16 22:00:00,Latte,Tea,3,2.5,Cash,22:00:00,7.5
384,2024-01-16 23:00:00,Tea,Tea,2,3.0,Cash,23:00:00,6.0
385,2024-01-17 00:00:00,Muffin,Coffee,3,4.0,Cash,00:00:00,12.0
386,2024-01-17 01:00:00,Tea,Tea,1,4.5,Cash,01:00:00,4.5
387,2024-01-17 02:00:00,Mocha,Coffee,4,4.0,Card,02:00:00,16.0
388,2024-01-17 03:00:00,Tea,Coffee,3,4.5,Cash,03:00:00,13.5
389,2024-01-17 04:00:00,Mocha,Coffee,2,2.5,Card,04:00:00,5.0
390,2024-01-17 05:00:00,Muffin,Bakery,4,2.5,Mobile Payment,05:00:00,10.0
391,2024-01-17 06:00:00,Cake,Tea,1,4.0,Mobile Payment,06:00:00,4.0
392,2024-01-17 07:00:00,Mocha,Coffee,3,3.5,Cash,07:00:00,10.5
393,2024-01-17 08:00:00,Espresso,Tea,3,4.5,Mobile Payment,08:00:00,13.5
394,2024-01-17 09:00:00,Tea,Bakery,3,3.0,Mobile Payment,09:00:00,9.0
395,2024-01-17 10:00:00,Tea,Coffee,4,4.0,Mobile Payment,10:00:00,16.0
396,2024-01-17 11:00:00,Espresso,Food,2,3.0,Cash,11:00:00,6.0
397,2024-01-17 12:00:00,Cappuccino,Bakery,2,4.0,Cash,12:00:00,8.0
398,2024-01-17 13:00:00,Croissant,Food,3,3.5,Mobile Payment,13:00:00,10.5
399,2024-01-17 14:00:00,Cake,Tea,1,3.5,Card,14:00:00,3.5
400,2024-01-17 15:00:00,Sandwich,Tea,1,3.5,Mobile Payment,15:00:00,3.5
401,2024-01-17 16:00:00,Mocha,Bakery,2,5.0,Cash,16:00:00,10.0
402,2024-01-17 17:00:00,Espresso,Tea,1,3.5,Cash,17:00:00,3.5
403,2024-01-17 18:00:00,Muffin,Food,2,2.5,Cash,18:00:00,5.0
404,2024-01-17 19:00:00,Mocha,Coffee,3,2.5,Mobile Payment,19:00:00,7.5
405,2024-01-17 20:00:00,Croissant,Coffee,2,5.0,Card,20:00:00,10.0
406,2024-01-17 21:00:00,Muffin,Coffee,2,4.5,Cash,21:00:00,9.0
407,2024-01-17 22:00:00,Latte,Bakery,3,3.0,Cash,22:00:00,9.0
408,2024-01-17 23:00:00,Tea,Tea,1,4.0,Mobile Payment,23:00:00,4.0
409,2024-01-18 00:00:00,Latte,Food,2,4.0,Card,00:00:00,8.0
410,2024-01-18 01:00:00,Mocha,Tea,2,5.0,Mobile Payment,01:00:00,10.0
411,2024-01-18 02:00:00,Croissant,Tea,3,2.5,Cash,02:00:00,7.5
412,2024-01-18 03:00:00,Cake,Tea,1,4.0,Card,03:00:00,4.0
413,2024-01-18 04:00:00,Mocha,Coffee,2,2.5,Card,04:00:00,5.0
414,2024-01-18 05:00:00,Espresso,Food,3,4.5,Cash,05:00:00,13.5
415,2024-01-18 06:00:00,Americano,Food,2,3.0,Card,06:00:00,6.0
416,2024-01-18 07:00:00,Mocha,Tea,4,4.5,Card,07:00:00,18.0
417,2024-01-18 08:00:00,Tea,Coffee,3,5.0,Mobile Payment,08:00:00,15.0
418,2024-01-18 09:00:00,Tea,Coffee,1,3.5,Cash,09:00:00,3.5
419,2024-01-18 10:00:00,Mocha,Food,1,3.5,Cash,10:00:00,3.5
420,2024-01-18 11:00:00,Muffin,Coffee,1,3.5,Cash,11:00:00,3.5
421,2024-01-18 12:00:00,Americano,Coffee,1,4.5,Cash,12:00:00,4.5
422,2024-01-18 13:00:00,Espresso,Coffee,2,4.0,Cash,13:00:00,8.0
423,2024-01-18 14:00:00,Mocha,Bakery,2,3.0,Card,14:00:00,6.0
424,2024-01-18 15:00:00,Muffin,Tea,1,3.5,Mobile Payment,15:00:00,3.5
425,2024-01-18 16:00:00,Tea,Food,1,5.0,Cash,16:00:00,5.0
426,2024-01-18 17:00:00,Tea,Food,1,5.0,Mobile Payment,17:00:00,5.0
427,2024-01-18 18:00:00,Croissant,Bakery,2,3.5,Mobile Payment,18:00:00,7.0
428,2024-01-18 19:00:00,Mocha,Tea,1,3.5,Card,19:00:00,3.5
429,2024-01-18 20:00:00,Americano,Food,1,3.0,Cash,20:00:00,3.0
430,2024-01-18 21:00:00,Cappuccino,Coffee,4,3.5,Card,21:00:00,14.0
431,2024-01-18 22:00:00,Americano,Food,4,3.0,Cash,22:00:00,12.0
432,2024-01-18 23:00:00,Tea,Coffee,1,5.0,Card,23:00:00,5.0
433,2024-01-19 00:00:00,Tea,Bakery,3,3.5,Mobile Payment,00:00:00,10.5
434,2024-01-19 01:00:00,Latte,Coffee,1,4.5,Cash,01:00:00,4.5
435,2024-01-19 02:00:00,Tea,Food,4,4.5,Mobile Payment,02:00:00,18.0
436,2024-01-19 03:00:00,Espresso,Food,3,5.0,Mobile Payment,03:00:00,15.0
437,2024-01-19 04:00:00,Sandwich,Food,3,3.0,Card,04:00:00,9.0
438,2024-01-19 05:00:00,Mocha,Bakery,1,4.5,Cash,05:00:00,4.5
439,2024-01-19 06:00:00,Americano,Bakery,4,3.0,Mobile Payment,06:00:00,12.0
440,2024-01-19 07:00:00,Sandwich,Tea,4,4.5,Card,07:00:00,18.0
441,2024-01-19 08:00:00,Muffin,Food,3,4.5,Cash,08:00:00,13.5
442,2024-01-19 09:00:00,Cappuccino,Coffee,1,3.0,Cash,09:00:00,3.0
443,2024-01-19 10:00:00,Espresso,Bakery,2,4.0,Mobile Payment,10:00:00,8.0
444,2024-01-19 11:00:00,Americano,Food,2,4.5,Cash,11:00:00,9.0
445,2024-01-19 12:00:00,Sandwich,Food,4,3.5,Mobile Payment,12:00:00,14.0
446,2024-01-19 13:00:00,Cappuccino,Bakery,2,5.0,Cash,13:00:00,10.0
447,2024-01-19 14:00:00,Latte,Tea,4,4.0,Card,14:00:00,16.0
448,2024-01-19 15:00:00,Espresso,Bakery,4,3.0,Mobile Payment,15:00:00,12.0
449,2024-01-19 16:00:00,Espresso,Bakery,4,4.0,Mobile Payment,16:00:00,16.0
450,2024-01-19 17:00:00,Latte,Coffee,2,2.5,Cash,17:00:00,5.0
451,2024-01-19 18:00:00,Mocha,Coffee,4,2.5,Cash,18:00:00,10.0
452,2024-01-19 19:00:00,Latte,Tea,3,4.5,Mobile Payment,19:00:00,13.5
453,2024-01-19 20:00:00,Espresso,Food,1,4.5,Cash,20:00:00,4.5
454,2024-01-19 21:00:00,Espresso,Bakery,1,3.5,Card,21:00:00,3.5
455,2024-01-19 22:00:00,Sandwich,Tea,4,5.0,Cash,22:00:00,20.0
456,2024-01-19 23:00:00,Tea,Coffee,1,4.0,Card,23:00:00,4.0
457,2024-01-20 00:00:00,Cappuccino,Bakery,2,2.5,Card,00:00:00,5.0
458,2024-01-20 01:00:00,Latte,Food,2,4.5,Card,01:00:00,9.0
459,2024-01-20 02:00:00,Cappuccino,Coffee,1,5.0,Card,02:00:00,5.0
460,2024-01-20 03:00:00,Latte,Coffee,2,4.0,Card,03:00:00,8.0
461,2024-01-20 04:00:00,Muffin,Coffee,1,4.5,Cash,04:00:00,4.5
462,2024-01-20 05:00:00,Espresso,Tea,1,4.5,Card,05:00:00,4.5
463,2024-01-20 06:00:00,Tea,Food,1,2.5,Cash,06:00:00,2.5
464,2024-01-20 07:00:00,Sandwich,Bakery,4,2.5,Card,07:00:00,10.0
465,2024-01-20 08:00:00,Tea,Tea,1,4.5,Mobile Payment,08:00:00,4.5
466,2024-01-20 09:00:00,Tea,Tea,4,3.0,Card,09:00:00,12.0
467,2024-01-20 10:00:00,Tea,Tea,1,4.5,Mobile Payment,10:00:00,4.5
468,2024-01-20 11:00:00,Cappuccino,Coffee,1,5.0,Card,11:00:00,5.0
469,2024-01-20 12:00:00,Latte,Food,1,4.5,Card,12:00:00,4.5
470,2024-01-20 13:00:00,Cake,Tea,2,3.5,Card,13:00:00,7.0
471,2024-01-20 14:00:00,Muffin,Bakery,4,3.5,Mobile Payment,14:00:00,14.0
472,2024-01-20 15:00:00,Americano,Food,4,3.5,Mobile Payment,15:00:00,14.0
473,2024-01-20 16:00:00,Tea,Bakery,1,3.0,Card,16:00:00,3.0
474,2024-01-20 17:00:00,Mocha,Food,1,3.0,Cash,17:00:00,3.0
475,2024-01-20 18:00:00,Cappuccino,Bakery,2,4.5,Card,18:00:00,9.0
476,2024-01-20 19:00:00,Sandwich,Coffee,2,3.5,Mobile Payment,19:00:00,7.0
477,2024-01-20 20:00:00,Americano,Tea,2,3.0,Card,20:00:00,6.0
478,2024-01-20 21:00:00,Cake,Bakery,4,2.5,Mobile Payment,21:00:00,10.0
479,2024-01-20 22:00:00,Mocha,Food,4,4.5,Mobile Payment,22:00:00,18.0
480,2024-01-20 23:00:00,Cake,Tea,4,5.0,Mobile Payment,23:00:00,20.0
481,2024-01-21 00:00:00,Americano,Tea,1,4.0,Card,00:00:00,4.0
482,2024-01-21 01:00:00,Tea,Food,4,4.5,Mobile Payment,01:00:00,18.0
483,2024-01-21 02:00:00,Mocha,Bakery,3,4.0,Mobile Payment,02:00:00,12.0
484,2024-01-21 03:00:00,Cake,Coffee,3,3.5,Card,03:00:00,10.5
485,2024-01-21 04:00:00,Sandwich,Coffee,2,4.0,Mobile Payment,04:00:00,8.0
486,2024-01-21 05:00:00,Latte,Bakery,4,3.5,Card,05:00:00,14.0
487,2024-01-21 06:00:00,Espresso,Tea,3,2.5,Mobile Payment,06:00:00,7.5
488,2024-01-21 07:00:00,Latte,Tea,2,4.0,Cash,07:00:00,8.0
489,2024-01-21 08:00:00,Americano,Tea,4,4.5,Cash,08:00:00,18.0
490,2024-01-21 09:00:00,Cappuccino,Tea,1,3.5,Mobile Payment,09:00:00,3.5
491,2024-01-21 10:00:00,Espresso,Bakery,3,4.5,Cash,10:00:00,13.5
492,2024-01-21 11:00:00,Muffin,Tea,1,3.0,Card,11:00:00,3.0
493,2024-01-21 12:00:00,Sandwich,Food,4,3.5,Cash,12:00:00,14.0
494,2024-01-21 13:00:00,Muffin,Tea,3,4.0,Mobile Payment,13:00:00,12.0
495,2024-01-21 14:00:00,Mocha,Coffee,4,3.5,Mobile Payment,14:00:00,14.0
496,2024-01-21 15:00:00,Espresso,Tea,1,4.5,Card,15:00:00,4.5
497,2024-01-21 16:00:00,Muffin,Bakery,3,2.5,Mobile Payment,16:00:00,7.5
498,2024-01-21 17:00:00,Muffin,Coffee,1,3.5,Card,17:00:00,3.5
499,2024-01-21 18:00:00,Cake,Bakery,4,4.0,Cash,18:00:00,16.0
500,2024-01-21 19:00:00,Latte,Bakery,4,3.0,Cash,19:00:00,12.0
501,2024-01-21 20:00:00,Cake,Coffee,1,5.0,Card,20:00:00,5.0
502,2024-01-21 21:00:00,Espresso,Bakery,3,2.5,Card,21:00:00,7.5
503,2024-01-21 22:00:00,Espresso,Bakery,1,3.0,Mobile Payment,22:00:00,3.0
504,2024-01-21 23:00:00,Americano,Tea,4,3.5,Cash,23:00:00,14.0
505,2024-01-22 00:00:00,Cake,Food,1,4.5,Card,00:00:00,4.5
506,2024-01-22 01:00:00,Croissant,Bakery,4,4.5,Cash,01:00:00,18.0
507,2024-01-22 02:00:00,Latte,Bakery,1,4.0,Card,02:00:00,4.0
508,2024-01-22 03:00:00,Espresso,Bakery,3,4.5,Cash,03:00:00,13.5
509,2024-01-22 04:00:00,Americano,Tea,3,2.5,Mobile Payment,04:00:00,7.5
510,2024-01-22 05:00:00,Cake,Food,1,4.5,Cash,05:00:00,4.5
511,2024-01-22 06:00:00,Latte,Coffee,1,4.0,Cash,06:00:00,4.0
512,2024-01-22 07:00:00,Cake,Tea,3,5.0,Cash,07:00:00,15.0
513,2024-01-22 08:00:00,Muffin,Tea,4,3.5,Cash,08:00:00,14.0
514,2024-01-22 09:00:00,Americano,Food,3,3.5,Cash,09:00:00,10.5
515,2024-01-22 10:00:00,Latte,Food,4,4.5,Mobile Payment,10:00:00,18.0
516,2024-01-22 11:00:00,Tea,Tea,1,3.0,Card,11:00:00,3.0
517,2024-01-22 12:00:00,Mocha,Coffee,1,3.5,Cash,12:00:00,3.5
518,2024-01-22 13:00:00,Mocha,Tea,4,5.0,Mobile Payment,13:00:00,20.0
519,2024-01-22 14:00:00,Latte,Food,1,4.5,Cash,14:00:00,4.5
520,2024-01-22 15:00:00,Cake,Coffee,4,4.0,Cash,15:00:00,16.0
521,2024-01-22 16:00:00,Americano,Food,2,5.0,Card,16:00:00,10.0
522,2024-01-22 17:00:00,Mocha,Coffee,3,4.5,Cash,17:00:00,13.5
523,2024-01-22 18:00:00,Americano,Bakery,2,5.0,Mobile Payment,18:00:00,10.0
524,2024-01-22 19:00:00,Mocha,Food,4,3.5,Mobile Payment,19:00:00,14.0
525,2024-01-22 20:00:00,Muffin,Food,3,4.0,Card,20:00:00,12.0
526,2024-01-22 21:00:00,Cake,Tea,4,4.5,Cash,21:00:00,18.0
527,2024-01-22 22:00:00,Muffin,Food,3,2.5,Mobile Payment,22:00:00,7.5
528,2024-01-22 23:00:00,Mocha,Food,3,4.0,Cash,23:00:00,12.0
529,2024-01-23 00:00:00,Tea,Bakery,3,2.5,Cash,00:00:00,7.5
530,2024-01-23 01:00:00,Tea,Food,3,5.0,Cash,01:00:00,15.0
531,2024-01-23 02:00:00,Muffin,Bakery,4,3.0,Card,02:00:00,12.0
532,2024-01-23 03:00:00,Tea,Bakery,3,4.0,Cash,03:00:00,12.0
533,2024-01-23 04:00:00,Mocha,Bakery,3,5.0,Mobile Payment,04:00:00,15.0
534,2024-01-23 05:00:00,Latte,Bakery,2,2.5,Cash,05:00:00,5.0
535,2024-01-23 06:00:00,Muffin,Coffee,1,3.5,Mobile Payment,06:00:00,3.5
536,2024-01-23 07:00:00,Cappuccino,Tea,1,3.5,Cash,07:00:00,3.5
537,2024-01-23 08:00:00,Cake,Coffee,2,3.0,Mobile Payment,08:00:00,6.0
538,2024-01-23 09:00:00,Tea,Food,2,4.0,Mobile Payment,09:00:00,8.0
539,2024-01-23 10:00:00,Tea,Coffee,4,4.0,Cash,10:00:00,16.0
540,2024-01-23 11:00:00,Espresso,Coffee,4,4.0,Cash,11:00:00,16.0
541,2024-01-23 12:00:00,Croissant,Food,4,5.0,Mobile Payment,12:00:00,20.0
542,2024-01-23 13:00:00,Muffin,Food,2,3.0,Card,13:00:00,6.0
543,2024-01-23 14:00:00,Sandwich,Food,2,4.0,Cash,14:00:00,8.0
544,2024-01-23 15:00:00,Tea,Coffee,3,5.0,Card,15:00:00,15.0
545,2024-01-23 16:00:00,Cake,Coffee,4,3.5,Cash,16:00:00,14.0
546,2024-01-23 17:00:00,Cappuccino,Food,4,2.5,Cash,17:00:00,10.0
547,2024-01-23 18:00:00,Tea,Tea,4,5.0,Cash,18:00:00,20.0
548,2024-01-23 19:00:00,Cappuccino,Tea,1,3.5,Cash,19:00:00,3.5
549,2024-01-23 20:00:00,Mocha,Bakery,3,3.5,Card,20:00:00,10.5
550,2024-01-23 21:00:00,Mocha,Food,4,2.5,Cash,21:00:00,10.0
551,2024-01-23 22:00:00,Croissant,Bakery,4,3.5,Mobile Payment,22:00:00,14.0
552,2024-01-23 23:00:00,Latte,Tea,4,3.0,Mobile Payment,23:00:00,12.0
553,2024-01-24 00:00:00,Sandwich,Bakery,1,2.5,Card,00:00:00,2.5
554,2024-01-24 01:00:00,Espresso,Food,1,3.5,Cash,01:00:00,3.5
555,2024-01-24 02:00:00,Croissant,Food,2,4.5,Mobile Payment,02:00:00,9.0
556,2024-01-24 03:00:00,Americano,Food,3,5.0,Card,03:00:00,15.0
557,2024-01-24 04:00:00,Espresso,Coffee,2,3.5,Cash,04:00:00,7.0
558,2024-01-24 05:00:00,Muffin,Bakery,3,3.0,Mobile Payment,05:00:00,9.0
559,2024-01-24 06:00:00,Cake,Tea,1,4.0,Mobile Payment,06:00:00,4.0
560,2024-01-24 07:00:00,Americano,Tea,4,3.5,Card,07:00:00,14.0
561,2024-01-24 08:00:00,Americano,Tea,2,4.0,Cash,08:00:00,8.0
562,2024-01-24 09:00:00,Croissant,Coffee,4,4.5,Cash,09:00:00,18.0
563,2024-01-24 10:00:00,Latte,Coffee,2,3.5,Mobile Payment,10:00:00,7.0
564,2024-01-24 11:00:00,Croissant,Food,1,2.5,Mobile Payment,11:00:00,2.5
565,2024-01-24 12:00:00,Muffin,Tea,1,4.0,Mobile Payment,12:00:00,4.0
566,2024-01-24 13:00:00,Tea,Coffee,1,4.5,Cash,13:00:00,4.5
567,2024-01-24 14:00:00,Tea,Food,2,2.5,Card,14:00:00,5.0
568,2024-01-24 15:00:00,Latte,Tea,3,2.5,Card,15:00:00,7.5
569,2024-01-24 16:00:00,Muffin,Bakery,2,2.5,Cash,16:00:00,5.0
570,2024-01-24 17:00:00,Latte,Food,3,2.5,Card,17:00:00,7.5
571,2024-01-24 18:00:00,Cappuccino,Coffee,2,3.5,Mobile Payment,18:00:00,7.0
572,2024-01-24 19:00:00,Tea,Coffee,2,5.0,Card,19:00:00,10.0
573,2024-01-24 20:00:00,Americano,Food,1,3.5,Card,20:00:00,3.5
574,2024-01-24 21:00:00,Sandwich,Food,4,3.5,Card,21:00:00,14.0
575,2024-01-24 22:00:00,Cake,Coffee,4,4.5,Mobile Payment,22:00:00,18.0
576,2024-01-24 23:00:00,Muffin,Bakery,3,4.5,Cash,23:00:00,13.5
577,2024-01-25 00:00:00,Espresso,Tea,4,5.0,Mobile Payment,00:00:00,20.0
578,2024-01-25 01:00:00,Latte,Bakery,2,4.5,Cash,01:00:00,9.0
579,2024-01-25 02:00:00,Cake,Food,2,3.0,Cash,02:00:00,6.0
580,2024-01-25 03:00:00,Espresso,Bakery,1,5.0,Cash,03:00:00,5.0
581,2024-01-25 04:00:00,Cake,Coffee,1,4.5,Card,04:00:00,4.5
582,2024-01-25 05:00:00,Sandwich,Food,4,5.0,Card,05:00:00,20.0
583,2024-01-25 06:00:00,Espresso,Tea,3,3.5,Cash,06:00:00,10.5
584,2024-01-25 07:00:00,Croissant,Coffee,4,3.5,Cash,07:00:00,14.0
585,2024-01-25 08:00:00,Mocha,Coffee,4,5.0,Card,08:00:00,20.0
586,2024-01-25 09:00:00,Croissant,Tea,4,3.0,Mobile Payment,09:00:00,12.0
587,2024-01-25 10:00:00,Tea,Tea,4,3.0,Cash,10:00:00,12.0
588,2024-01-25 11:00:00,Mocha,Bakery,2,5.0,Mobile Payment,11:00:00,10.0
589,2024-01-25 12:00:00,Croissant,Food,3,4.5,Card,12:00:00,13.5
590,2024-01-25 13:00:00,Mocha,Tea,2,4.0,Cash,13:00:00,8.0
591,2024-01-25 14:00:00,Mocha,Tea,3,3.0,Mobile Payment,14:00:00,9.0
592,2024-01-25 15:00:00,Americano,Food,1,2.5,Mobile Payment,15:00:00,2.5
593,2024-01-25 16:00:00,Latte,Tea,4,3.5,Mobile Payment,16:00:00,14.0
594,2024-01-25 17:00:00,Latte,Tea,2,5.0,Card,17:00:00,10.0
595,2024-01-25 18:00:00,Americano,Bakery,3,2.5,Card,18:00:00,7.5
596,2024-01-25 19:00:00,Cake,Coffee,1,5.0,Mobile Payment,19:00:00,5.0
597,2024-01-25 20:00:00,Cappuccino,Coffee,1,3.5,Mobile Payment,20:00:00,3.5
598,2024-01-25 21:00:00,Cake,Coffee,4,3.5,Card,21:00:00,14.0
599,2024-01-25 22:00:00,Espresso,Coffee,3,3.0,Mobile Payment,22:00:00,9.0
600,2024-01-25 23:00:00,Espresso,Tea,2,3.0,Mobile Payment,23:00:00,6.0
601,2024-01-26 00:00:00,Mocha,Food,4,2.5,Card,00:00:00,10.0
602,2024-01-26 01:00:00,Croissant,Food,2,5.0,Mobile Payment,01:00:00,10.0
603,2024-01-26 02:00:00,Croissant,Bakery,1,3.5,Mobile Payment,02:00:00,3.5
604,2024-01-26 03:00:00,Latte,Bakery,2,2.5,Mobile Payment,03:00:00,5.0
605,2024-01-26 04:00:00,Muffin,Tea,2,4.0,Card,04:00:00,8.0
606,2024-01-26 05:00:00,Cake,Food,4,2.5,Mobile Payment,05:00:00,10.0
607,2024-01-26 06:00:00,Tea,Food,2,4.5,Card,06:00:00,9.0
608,2024-01-26 07:00:00,Sandwich,Coffee,4,2.5,Card,07:00:00,10.0
609,2024-01-26 08:00:00,Croissant,Tea,1,4.5,Cash,08:00:00,4.5
610,2024-01-26 09:00:00,Sandwich,Tea,4,4.5,Cash,09:00:00,18.0
611,2024-01-26 10:00:00,Mocha,Coffee,4,4.5,Mobile Payment,10:00:00,18.0
612,2024-01-26 11:00:00,Sandwich,Tea,3,4.0,Card,11:00:00,12.0
613,2024-01-26 12:00:00,Tea,Tea,2,2.5,Cash,12:00:00,5.0
614,2024-01-26 13:00:00,Americano,Bakery,1,2.5,Mobile Payment,13:00:00,2.5
615,2024-01-26 14:00:00,Tea,Food,4,4.0,Cash,14:00:00,16.0
616,2024-01-26 15:00:00,Sandwich,Tea,1,3.5,Cash,15:00:00,3.5
617,2024-01-26 16:00:00,Tea,Bakery,3,3.0,Card,16:00:00,9.0
618,2024-01-26 17:00:00,Cappuccino,Food,2,2.5,Card,17:00:00,5.0
619,2024-01-26 18:00:00,Mocha,Coffee,4,3.0,Cash,18:00:00,12.0
620,2024-01-26 19:00:00,Cake,Bakery,2,5.0,Cash,19:00:00,10.0
621,2024-01-26 20:00:00,Americano,Bakery,3,5.0,Card,20:00:00,15.0
622,2024-01-26 21:00:00,Croissant,Food,3,4.0,Mobile Payment,21:00:00,12.0
623,2024-01-26 22:00:00,Espresso,Coffee,1,5.0,Card,22:00:00,5.0
624,2024-01-26 23:00:00,Cake,Bakery,4,5.0,Cash,23:00:00,20.0
625,2024-01-27 00:00:00,Espresso,Tea,1,3.5,Mobile Payment,00:00:00,3.5
626,2024-01-27 01:00:00,Mocha,Tea,3,3.5,Cash,01:00:00,10.5
627,2024-01-27 02:00:00,Americano,Tea,2,3.5,Mobile Payment,02:00:00,7.0
628,2024-01-27 03:00:00,Latte,Coffee,1,5.0,Cash,03:00:00,5.0
629,2024-01-27 04:00:00,Croissant,Bakery,1,4.0,Mobile Payment,04:00:00,4.0
630,2024-01-27 05:00:00,Cappuccino,Tea,2,4.5,Mobile Payment,05:00:00,9.0
631,2024-01-27 06:00:00,Latte,Coffee,1,4.5,Cash,06:00:00,4.5
632,2024-01-27 07:00:00,Mocha,Tea,2,3.0,Mobile Payment,07:00:00,6.0
633,2024-01-27 08:00:00,Cake,Food,4,4.5,Card,08:00:00,18.0
634,2024-01-27 09:00:00,Cappuccino,Bakery,2,4.5,Cash,09:00:00,9.0
635,2024-01-27 10:00:00,Tea,Bakery,4,3.5,Card,10:00:00,14.0
636,2024-01-27 11:00:00,Sandwich,Coffee,2,3.5,Cash,11:00:00,7.0
637,2024-01-27 12:00:00,Cappuccino,Coffee,3,5.0,Mobile Payment,12:00:00,15.0
638,2024-01-27 13:00:00,Mocha,Bakery,3,3.0,Mobile Payment,13:00:00,9.0
639,2024-01-27 14:00:00,Muffin,Tea,4,2.5,Mobile Payment,14:00:00,10.0
640,2024-01-27 15:00:00,Sandwich,Tea,4,3.0,Cash,15:00:00,12.0
641,2024-01-27 16:00:00,Espresso,Food,3,3.0,Card,16:00:00,9.0
642,2024-01-27 17:00:00,Croissant,Tea,4,4.0,Card,17:00:00,16.0
643,2024-01-27 18:00:00,Espresso,Coffee,2,5.0,Cash,18:00:00,10.0
644,2024-01-27 19:00:00,Cappuccino,Coffee,2,4.0,Cash,19:00:00,8.0
645,2024-01-27 20:00:00,Espresso,Tea,3,3.0,Card,20:00:00,9.0
646,2024-01-27 21:00:00,Mocha,Coffee,1,3.0,Card,21:00:00,3.0
647,2024-01-27 22:00:00,Tea,Bakery,2,3.0,Card,22:00:00,6.0
648,2024-01-27 23:00:00,Cake,Bakery,4,4.5,Card,23:00:00,18.0
649,2024-01-28 00:00:00,Croissant,Tea,1,4.0,Cash,00:00:00,4.0
650,2024-01-28 01:00:00,Espresso,Bakery,1,3.0,Cash,01:00:00,3.0
651,2024-01-28 02:00:00,Espresso,Bakery,2,3.5,Mobile Payment,02:00:00,7.0
652,2024-01-28 03:00:00,Cappuccino,Food,2,5.0,Card,03:00:00,10.0
653,2024-01-28 04:00:00,Cake,Food,1,5.0,Mobile Payment,04:00:00,5.0
654,2024-01-28 05:00:00,Latte,Bakery,1,3.5,Cash,05:00:00,3.5
655,2024-01-28 06:00:00,Espresso,Tea,3,5.0,Cash,06:00:00,15.0
656,2024-01-28 07:00:00,Mocha,Food,4,4.5,Mobile Payment,07:00:00,18.0
657,2024-01-28 08:00:00,Muffin,Coffee,3,4.5,Card,08:00:00,13.5
658,2024-01-28 09:00:00,Croissant,Coffee,2,2.5,Card,09:00:00,5.0
659,2024-01-28 10:00:00,Espresso,Coffee,3,2.5,Card,10:00:00,7.5
660,2024-01-28 11:00:00,Mocha,Tea,3,2.5,Card,11:00:00,7.5
661,2024-01-28 12:00:00,Mocha,Bakery,3,5.0,Mobile Payment,12:00:00,15.0
662,2024-01-28 13:00:00,Croissant,Coffee,3,4.5,Mobile Payment,13:00:00,13.5
663,2024-01-28 14:00:00,Latte,Tea,4,4.5,Cash,14:00:00,18.0
664,2024-01-28 15:00:00,Mocha,Food,4,4.5,Card,15:00:00,18.0
665,2024-01-28 16:00:00,Muffin,Bakery,1,3.5,Card,16:00:00,3.5
666,2024-01-28 17:00:00,Mocha,Food,2,4.5,Card,17:00:00,9.0
667,2024-01-28 18:00:00,Mocha,Tea,3,3.5,Mobile Payment,18:00:00,10.5
668,2024-01-28 19:00:00,Mocha,Coffee,1,2.5,Card,19:00:00,2.5
669,2024-01-28 20:00:00,Tea,Coffee,1,2.5,Mobile Payment,20:00:00,2.5
670,2024-01-28 21:00:00,Tea,Tea,1,5.0,Card,21:00:00,5.0
671,2024-01-28 22:00:00,Latte,Coffee,4,2.5,Card,22:00:00,10.0
672,2024-01-28 23:00:00,Espresso,Bakery,3,5.0,Cash,23:00:00,15.0
673,2024-01-29 00:00:00,Mocha,Tea,3,3.0,Card,00:00:00,9.0
674,2024-01-29 01:00:00,Cake,Food,2,3.0,Card,01:00:00,6.0
675,2024-01-29 02:00:00,Espresso,Tea,3,4.0,Cash,02:00:00,12.0
676,2024-01-29 03:00:00,Latte,Bakery,3,5.0,Mobile Payment,03:00:00,15.0
677,2024-01-29 04:00:00,Americano,Bakery,1,4.0,Mobile Payment,04:00:00,4.0
678,2024-01-29 05:00:00,Espresso,Tea,2,4.0,Card,05:00:00,8.0
679,2024-01-29 06:00:00,Espresso,Tea,3,3.0,Mobile Payment,06:00:00,9.0
680,2024-01-29 07:00:00,Sandwich,Coffee,4,5.0,Card,07:00:00,20.0
681,2024-01-29 08:00:00,Cappuccino,Bakery,3,3.0,Cash,08:00:00,9.0
682,2024-01-29 09:00:00,Sandwich,Tea,1,4.0,Cash,09:00:00,4.0
683,2024-01-29 10:00:00,Muffin,Tea,4,5.0,Card,10:00:00,20.0
684,2024-01-29 11:00:00,Tea,Bakery,1,4.0,Cash,11:00:00,4.0
685,2024-01-29 12:00:00,Tea,Tea,3,4.5,Cash,12:00:00,13.5
686,2024-01-29 13:00:00,Cappuccino,Coffee,4,5.0,Card,13:00:00,20.0
687,2024-01-29 14:00:00,Croissant,Bakery,2,5.0,Card,14:00:00,10.0
688,2024-01-29 15:00:00,Croissant,Coffee,2,4.0,Cash,15:00:00,8.0
689,2024-01-29 16:00:00,Latte,Coffee,4,4.5,Mobile Payment,16:00:00,18.0
690,2024-01-29 17:00:00,Cappuccino,Coffee,4,3.5,Mobile Payment,17:00:00,14.0
691,2024-01-29 18:00:00,Espresso,Coffee,1,3.0,Card,18:00:00,3.0
692,2024-01-29 19:00:00,Croissant,Bakery,4,4.0,Card,19:00:00,16.0
693,2024-01-29 20:00:00,Mocha,Coffee,1,5.0,Mobile Payment,20:00:00,5.0
694,2024-01-29 21:00:00,Cake,Coffee,3,3.0,Cash,21:00:00,9.0
695,2024-01-29 22:00:00,Espresso,Tea,1,3.0,Mobile Payment,22:00:00,3.0
696,2024-01-29 23:00:00,Muffin,Bakery,4,3.0,Mobile Payment,23:00:00,12.0
697,2024-01-30 00:00:00,Mocha,Bakery,4,3.5,Mobile Payment,00:00:00,14.0
698,2024-01-30 01:00:00,Mocha,Food,3,2.5,Mobile Payment,01:00:00,7.5
699,2024-01-30 02:00:00,Cappuccino,Bakery,4,4.0,Card,02:00:00,16.0
700,2024-01-30 03:00:00,Latte,Bakery,4,2.5,Card,03:00:00,10.0
701,2024-01-30 04:00:00,Muffin,Food,2,2.5,Cash,04:00:00,5.0
702,2024-01-30 05:00:00,Croissant,Bakery,2,2.5,Cash,05:00:00,5.0
703,2024-01-30 06:00:00,Cappuccino,Bakery,3,3.0,Cash,06:00:00,9.0
704,2024-01-30 07:00:00,Croissant,Bakery,1,4.5,Cash,07:00:00,4.5
705,2024-01-30 08:00:00,Cappuccino,Bakery,2,3.0,Mobile Payment,08:00:00,6.0
706,2024-01-30 09:00:00,Cappuccino,Food,1,3.0,Card,09:00:00,3.0
707,2024-01-30 10:00:00,Cappuccino,Bakery,4,5.0,Card,10:00:00,20.0
708,2024-01-30 11:00:00,Latte,Bakery,2,5.0,Cash,11:00:00,10.0
709,2024-01-30 12:00:00,Cappuccino,Food,3,2.5,Cash,12:00:00,7.5
710,2024-01-30 13:00:00,Americano,Tea,3,3.0,Mobile Payment,13:00:00,9.0
711,2024-01-30 14:00:00,Cake,Coffee,3,2.5,Mobile Payment,14:00:00,7.5
712,2024-01-30 15:00:00,Croissant,Tea,2,5.0,Cash,15:00:00,10.0
713,2024-01-30 16:00:00,Espresso,Food,1,4.5,Card,16:00:00,4.5
714,2024-01-30 17:00:00,Sandwich,Coffee,4,4.0,Card,17:00:00,16.0
715,2024-01-30 18:00:00,Muffin,Food,1,2.5,Card,18:00:00,2.5
716,2024-01-30 19:00:00,Tea,Food,1,4.5,Cash,19:00:00,4.5
717,2024-01-30 20:00:00,Latte,Bakery,4,4.0,Card,20:00:00,16.0
718,2024-01-30 21:00:00,Espresso,Coffee,4,3.5,Mobile Payment,21:00:00,14.0
719,2024-01-30 22:00:00,Mocha,Bakery,2,2.5,Mobile Payment,22:00:00,5.0
720,2024-01-30 23:00:00,Americano,Coffee,2,2.5,Cash,23:00:00,5.0
721,2024-01-31 00:00:00,Tea,Food,2,3.5,Mobile Payment,00:00:00,7.0
722,2024-01-31 01:00:00,Sandwich,Food,2,3.5,Cash,01:00:00,7.0
723,2024-01-31 02:00:00,Espresso,Tea,2,2.5,Card,02:00:00,5.0
724,2024-01-31 03:00:00,Tea,Coffee,4,3.5,Card,03:00:00,14.0
725,2024-01-31 04:00:00,Espresso,Bakery,1,3.0,Card,04:00:00,3.0
726,2024-01-31 05:00:00,Americano,Tea,2,4.0,Mobile Payment,05:00:00,8.0
727,2024-01-31 06:00:00,Sandwich,Tea,2,4.0,Cash,06:00:00,8.0
728,2024-01-31 07:00:00,Mocha,Tea,1,4.0,Card,07:00:00,4.0
729,2024-01-31 08:00:00,Cappuccino,Bakery,2,3.0,Cash,08:00:00,6.0
730,2024-01-31 09:00:00,Croissant,Tea,1,3.5,Card,09:00:00,3.5
731,2024-01-31 10:00:00,Mocha,Bakery,1,4.5,Mobile Payment,10:00:00,4.5
732,2024-01-31 11:00:00,Cappuccino,Tea,4,3.5,Mobile Payment,11:00:00,14.0
733,2024-01-31 12:00:00,Latte,Bakery,3,2.5,Cash,12:00:00,7.5
734,2024-01-31 13:00:00,Cake,Food,4,5.0,Mobile Payment,13:00:00,20.0
735,2024-01-31 14:00:00,Muffin,Food,3,4.0,Mobile Payment,14:00:00,12.0
736,2024-01-31 15:00:00,Muffin,Food,3,3.5,Cash,15:00:00,10.5
737,2024-01-31 16:00:00,Croissant,Food,3,4.5,Card,16:00:00,13.5
738,2024-01-31 17:00:00,Sandwich,Food,2,2.5,Mobile Payment,17:00:00,5.0
739,2024-01-31 18:00:00,Americano,Tea,4,3.0,Cash,18:00:00,12.0
740,2024-01-31 19:00:00,Sandwich,Tea,3,3.0,Mobile Payment,19:00:00,9.0
741,2024-01-31 20:00:00,Americano,Tea,1,4.5,Mobile Payment,20:00:00,4.5
742,2024-01-31 21:00:00,Sandwich,Bakery,2,2.5,Mobile Payment,21:00:00,5.0
743,2024-01-31 22:00:00,Cake,Bakery,4,4.0,Mobile Payment,22:00:00,16.0
744,2024-01-31 23:00:00,Latte,Bakery,3,3.5,Cash,23:00:00,10.5
745,2024-02-01 00:00:00,Latte,Bakery,1,2.5,Cash,00:00:00,2.5
746,2024-02-01 01:00:00,Cappuccino,Food,4,3.0,Cash,01:00:00,12.0
747,2024-02-01 02:00:00,Tea,Food,4,4.5,Mobile Payment,02:00:00,18.0
748,2024-02-01 03:00:00,Latte,Food,2,4.5,Mobile Payment,03:00:00,9.0
749,2024-02-01 04:00:00,Latte,Coffee,4,3.5,Mobile Payment,04:00:00,14.0
750,2024-02-01 05:00:00,Mocha,Tea,2,4.5,Cash,05:00:00,9.0
751,2024-02-01 06:00:00,Mocha,Bakery,3,4.5,Mobile Payment,06:00:00,13.5
752,2024-02-01 07:00:00,Cappuccino,Bakery,2,2.5,Card,07:00:00,5.0
753,2024-02-01 08:00:00,Tea,Food,1,4.0,Mobile Payment,08:00:00,4.0
754,2024-02-01 09:00:00,Croissant,Bakery,2,3.5,Card,09:00:00,7.0
755,2024-02-01 10:00:00,Mocha,Bakery,1,2.5,Mobile Payment,10:00:00,2.5
756,2024-02-01 11:00:00,Croissant,Tea,2,4.0,Cash,11:00:00,8.0
757,2024-02-01 12:00:00,Espresso,Food,4,2.5,Mobile Payment,12:00:00,10.0
758,2024-02-01 13:00:00,Mocha,Tea,3,5.0,Card,13:00:00,15.0
759,2024-02-01 14:00:00,Cake,Coffee,1,2.5,Card,14:00:00,2.5
760,2024-02-01 15:00:00,Tea,Coffee,2,4.5,Mobile Payment,15:00:00,9.0
761,2024-02-01 16:00:00,Cappuccino,Coffee,2,4.0,Card,16:00:00,8.0
762,2024-02-01 17:00:00,Espresso,Food,2,3.5,Card,17:00:00,7.0
763,2024-02-01 18:00:00,Tea,Bakery,4,3.5,Cash,18:00:00,14.0
764,2024-02-01 19:00:00,Cake,Food,4,4.0,Mobile Payment,19:00:00,16.0
765,2024-02-01 20:00:00,Tea,Food,1,4.5,Mobile Payment,20:00:00,4.5
766,2024-02-01 21:00:00,Cake,Bakery,1,3.0,Mobile Payment,21:00:00,3.0
767,2024-02-01 22:00:00,Cake,Tea,4,2.5,Card,22:00:00,10.0
768,2024-02-01 23:00:00,Croissant,Coffee,1,4.5,Mobile Payment,23:00:00,4.5
769,2024-02-02 00:00:00,Sandwich,Tea,3,5.0,Mobile Payment,00:00:00,15.0
770,2024-02-02 01:00:00,Espresso,Coffee,3,4.0,Cash,01:00:00,12.0
771,2024-02-02 02:00:00,Tea,Food,4,2.5,Cash,02:00:00,10.0
772,2024-02-02 03:00:00,Americano,Coffee,1,3.5,Cash,03:00:00,3.5
773,2024-02-02 04:00:00,Espresso,Food,2,3.0,Card,04:00:00,6.0
774,2024-02-02 05:00:00,Sandwich,Tea,3,5.0,Mobile Payment,05:00:00,15.0
775,2024-02-02 06:00:00,Espresso,Food,4,3.5,Cash,06:00:00,14.0
776,2024-02-02 07:00:00,Latte,Tea,1,4.0,Cash,07:00:00,4.0
777,2024-02-02 08:00:00,Americano,Bakery,4,2.5,Cash,08:00:00,10.0
778,2024-02-02 09:00:00,Sandwich,Bakery,2,4.0,Mobile Payment,09:00:00,8.0
779,2024-02-02 10:00:00,Croissant,Bakery,3,2.5,Mobile Payment,10:00:00,7.5
780,2024-02-02 11:00:00,Tea,Food,4,4.5,Mobile Payment,11:00:00,18.0
781,2024-02-02 12:00:00,Muffin,Bakery,4,3.0,Card,12:00:00,12.0
782,2024-02-02 13:00:00,Sandwich,Coffee,4,4.5,Card,13:00:00,18.0
783,2024-02-02 14:00:00,Cappuccino,Tea,2,4.5,Cash,14:00:00,9.0
784,2024-02-02 15:00:00,Tea,Tea,4,4.0,Mobile Payment,15:00:00,16.0
785,2024-02-02 16:00:00,Sandwich,Coffee,2,3.0,Cash,16:00:00,6.0
786,2024-02-02 17:00:00,Latte,Food,2,2.5,Mobile Payment,17:00:00,5.0
787,2024-02-02 18:00:00,Muffin,Food,2,2.5,Mobile Payment,18:00:00,5.0
788,2024-02-02 19:00:00,Latte,Tea,3,5.0,Mobile Payment,19:00:00,15.0
789,2024-02-02 20:00:00,Muffin,Bakery,3,3.5,Card,20:00:00,10.5
790,2024-02-02 21:00:00,Cappuccino,Food,4,5.0,Card,21:00:00,20.0
791,2024-02-02 22:00:00,Tea,Food,4,5.0,Mobile Payment,22:00:00,20.0
792,2024-02-02 23:00:00,Croissant,Coffee,3,2.5,Cash,23:00:00,7.5
793,2024-02-03 00:00:00,Latte,Coffee,1,4.0,Mobile Payment,00:00:00,4.0
794,2024-02-03 01:00:00,Latte,Bakery,3,4.5,Mobile Payment,01:00:00,13.5
795,2024-02-03 02:00:00,Cake,Food,2,4.5,Cash,02:00:00,9.0
796,2024-02-03 03:00:00,Muffin,Food,3,4.5,Mobile Payment,03:00:00,13.5
797,2024-02-03 04:00:00,Mocha,Coffee,2,3.0,Cash,04:00:00,6.0
798,2024-02-03 05:00:00,Tea,Food,4,2.5,Card,05:00:00,10.0
799,2024-02-03 06:00:00,Muffin,Tea,1,4.0,Card,06:00:00,4.0
800,2024-02-03 07:00:00,Cake,Coffee,4,3.0,Cash,07:00:00,12.0
801,2024-02-03 08:00:00,Espresso,Bakery,2,3.5,Card,08:00:00,7.0
802,2024-02-03 09:00:00,Muffin,Coffee,2,4.0,Card,09:00:00,8.0
803,2024-02-03 10:00:00,Croissant,Food,2,5.0,Cash,10:00:00,10.0
804,2024-02-03 11:00:00,Tea,Bakery,1,4.0,Card,11:00:00,4.0
805,2024-02-03 12:00:00,Cake,Coffee,3,4.0,Mobile Payment,12:00:00,12.0
806,2024-02-03 13:00:00,Espresso,Tea,4,4.5,Mobile Payment,13:00:00,18.0
807,2024-02-03 14:00:00,Americano,Tea,4,4.0,Cash,14:00:00,16.0
808,2024-02-03 15:00:00,Cake,Coffee,3,5.0,Card,15:00:00,15.0
809,2024-02-03 16:00:00,Americano,Tea,4,5.0,Mobile Payment,16:00:00,20.0
810,2024-02-03 17:00:00,Tea,Tea,1,2.5,Mobile Payment,17:00:00,2.5
811,2024-02-03 18:00:00,Latte,Tea,4,4.0,Card,18:00:00,16.0
812,2024-02-03 19:00:00,Cake,Bakery,2,4.5,Card,19:00:00,9.0
813,2024-02-03 20:00:00,Cappuccino,Tea,3,4.0,Mobile Payment,20:00:00,12.0
814,2024-02-03 21:00:00,Americano,Tea,1,3.5,Mobile Payment,21:00:00,3.5
815,2024-02-03 22:00:00,Croissant,Tea,3,3.5,Cash,22:00:00,10.5
816,2024-02-03 23:00:00,Cappuccino,Bakery,1,4.5,Cash,23:00:00,4.5
817,2024-02-04 00:00:00,Sandwich,Coffee,2,2.5,Mobile Payment,00:00:00,5.0
818,2024-02-04 01:00:00,Sandwich,Food,3,2.5,Cash,01:00:00,7.5
819,2024-02-04 02:00:00,Espresso,Tea,4,5.0,Mobile Payment,02:00:00,20.0
820,2024-02-04 03:00:00,Latte,Coffee,1,5.0,Mobile Payment,03:00:00,5.0
821,2024-02-04 04:00:00,Tea,Tea,3,3.0,Cash,04:00:00,9.0
822,2024-02-04 05:00:00,Cake,Bakery,4,4.5,Cash,05:00:00,18.0
823,2024-02-04 06:00:00,Mocha,Coffee,3,4.0,Card,06:00:00,12.0
824,2024-02-04 07:00:00,Croissant,Bakery,3,4.5,Card,07:00:00,13.5
825,2024-02-04 08:00:00,Americano,Tea,3,3.0,Card,08:00:00,9.0
826,2024-02-04 09:00:00,Tea,Tea,1,5.0,Mobile Payment,09:00:00,5.0
827,2024-02-04 10:00:00,Cappuccino,Bakery,4,4.5,Cash,10:00:00,18.0
828,2024-02-04 11:00:00,Sandwich,Food,2,4.5,Mobile Payment,11:00:00,9.0
829,2024-02-04 12:00:00,Croissant,Bakery,1,5.0,Cash,12:00:00,5.0
830,2024-02-04 13:00:00,Mocha,Tea,1,3.0,Mobile Payment,13:00:00,3.0
831,2024-02-04 14:00:00,Cake,Bakery,1,5.0,Card,14:00:00,5.0
832,2024-02-04 15:00:00,Espresso,Food,2,2.5,Card,15:00:00,5.0
833,2024-02-04 16:00:00,Mocha,Bakery,4,4.0,Card,16:00:00,16.0
834,2024-02-04 17:00:00,Croissant,Food,4,5.0,Mobile Payment,17:00:00,20.0
835,2024-02-04 18:00:00,Mocha,Food,4,3.0,Cash,18:00:00,12.0
836,2024-02-04 19:00:00,Croissant,Bakery,3,3.5,Cash,19:00:00,10.5
837,2024-02-04 20:00:00,Croissant,Bakery,3,2.5,Card,20:00:00,7.5
838,2024-02-04 21:00:00,Muffin,Coffee,3,3.5,Card,21:00:00,10.5
839,2024-02-04 22:00:00,Americano,Tea,2,5.0,Card,22:00:00,10.0
840,2024-02-04 23:00:00,Sandwich,Food,3,2.5,Card,23:00:00,7.5
841,2024-02-05 00:00:00,Muffin,Coffee,2,4.0,Cash,00:00:00,8.0
842,2024-02-05 01:00:00,Cake,Bakery,4,5.0,Mobile Payment,01:00:00,20.0
843,2024-02-05 02:00:00,Muffin,Tea,3,4.0,Mobile Payment,02:00:00,12.0
844,2024-02-05 03:00:00,Latte,Coffee,3,4.5,Mobile Payment,03:00:00,13.5
845,2024-02-05 04:00:00,Latte,Food,1,3.5,Mobile Payment,04:00:00,3.5
846,2024-02-05 05:00:00,Sandwich,Coffee,2,2.5,Card,05:00:00,5.0
847,2024-02-05 06:00:00,Mocha,Food,4,4.0,Card,06:00:00,16.0
848,2024-02-05 07:00:00,Americano,Bakery,1,3.0,Card,07:00:00,3.0
849,2024-02-05 08:00:00,Sandwich,Tea,1,4.0,Mobile Payment,08:00:00,4.0
850,2024-02-05 09:00:00,Croissant,Tea,4,3.0,Card,09:00:00,12.0
851,2024-02-05 10:00:00,Cappuccino,Tea,1,5.0,Card,10:00:00,5.0
852,2024-02-05 11:00:00,Americano,Bakery,2,2.5,Cash,11:00:00,5.0
853,2024-02-05 12:00:00,Americano,Food,2,4.0,Cash,12:00:00,8.0
854,2024-02-05 13:00:00,Croissant,Bakery,3,4.0,Card,13:00:00,12.0
855,2024-02-05 14:00:00,Croissant,Tea,1,2.5,Cash,14:00:00,2.5
856,2024-02-05 15:00:00,Espresso,Bakery,3,4.0,Cash,15:00:00,12.0
857,2024-02-05 16:00:00,Sandwich,Bakery,1,3.0,Card,16:00:00,3.0
858,2024-02-05 17:00:00,Croissant,Bakery,2,4.0,Card,17:00:00,8.0
859,2024-02-05 18:00:00,Latte,Food,2,3.5,Card,18:00:00,7.0
860,2024-02-05 19:00:00,Cake,Coffee,2,5.0,Card,19:00:00,10.0
861,2024-02-05 20:00:00,Cappuccino,Coffee,1,4.5,Mobile Payment,20:00:00,4.5
862,2024-02-05 21:00:00,Sandwich,Bakery,2,3.0,Mobile Payment,21:00:00,6.0
863,2024-02-05 22:00:00,Tea,Coffee,1,3.5,Card,22:00:00,3.5
864,2024-02-05 23:00:00,Latte,Coffee,3,5.0,Cash,23:00:00,15.0
865,2024-02-06 00:00:00,Mocha,Bakery,1,2.5,Card,00:00:00,2.5
866,2024-02-06 01:00:00,Croissant,Bakery,3,3.0,Card,01:00:00,9.0
867,2024-02-06 02:00:00,Tea,Tea,1,4.5,Cash,02:00:00,4.5
868,2024-02-06 03:00:00,Croissant,Coffee,3,5.0,Mobile Payment,03:00:00,15.0
869,2024-02-06 04:00:00,Americano,Food,2,4.5,Card,04:00:00,9.0
870,2024-02-06 05:00:00,Latte,Bakery,3,2.5,Card,05:00:00,7.5
871,2024-02-06 06:00:00,Americano,Tea,2,2.5,Mobile Payment,06:00:00,5.0
872,2024-02-06 07:00:00,Espresso,Food,2,3.0,Mobile Payment,07:00:00,6.0
873,2024-02-06 08:00:00,Americano,Coffee,3,4.0,Cash,08:00:00,12.0
874,2024-02-06 09:00:00,Espresso,Tea,1,2.5,Mobile Payment,09:00:00,2.5
875,2024-02-06 10:00:00,Espresso,Bakery,1,5.0,Mobile Payment,10:00:00,5.0
876,2024-02-06 11:00:00,Tea,Food,4,4.0,Mobile Payment,11:00:00,16.0
877,2024-02-06 12:00:00,Croissant,Bakery,1,3.5,Cash,12:00:00,3.5
878,2024-02-06 13:00:00,Mocha,Coffee,4,4.5,Mobile Payment,13:00:00,18.0
879,2024-02-06 14:00:00,Americano,Food,1,4.0,Mobile Payment,14:00:00,4.0
880,2024-02-06 15:00:00,Latte,Coffee,1,4.5,Cash,15:00:00,4.5
881,2024-02-06 16:00:00,Espresso,Coffee,2,4.0,Mobile Payment,16:00:00,8.0
882,2024-02-06 17:00:00,Croissant,Tea,4,3.5,Mobile Payment,17:00:00,14.0
883,2024-02-06 18:00:00,Cappuccino,Bakery,1,2.5,Cash,18:00:00,2.5
884,2024-02-06 19:00:00,Sandwich,Food,4,3.5,Card,19:00:00,14.0
885,2024-02-06 20:00:00,Tea,Coffee,2,2.5,Cash,20:00:00,5.0
886,2024-02-06 21:00:00,Mocha,Coffee,2,2.5,Mobile Payment,21:00:00,5.0
887,2024-02-06 22:00:00,Muffin,Food,4,4.5,Mobile Payment,22:00:00,18.0
888,2024-02-06 23:00:00,Tea,Coffee,2,5.0,Mobile Payment,23:00:00,10.0
889,2024-02-07 00:00:00,Cappuccino,Tea,3,3.5,Cash,00:00:00,10.5
890,2024-02-07 01:00:00,Sandwich,Tea,3,4.0,Mobile Payment,01:00:00,12.0
891,2024-02-07 02:00:00,Cappuccino,Tea,2,3.5,Mobile Payment,02:00:00,7.0
892,2024-02-07 03:00:00,Americano,Tea,3,4.5,Cash,03:00:00,13.5
893,2024-02-07 04:00:00,Espresso,Coffee,1,2.5,Card,04:00:00,2.5
894,2024-02-07 05:00:00,Mocha,Food,4,4.5,Card,05:00:00,18.0
895,2024-02-07 06:00:00,Cake,Food,1,3.0,Mobile Payment,06:00:00,3.0
896,2024-02-07 07:00:00,Espresso,Food,4,3.0,Cash,07:00:00,12.0
897,2024-02-07 08:00:00,Cake,Food,2,4.0,Mobile Payment,08:00:00,8.0
898,2024-02-07 09:00:00,Sandwich,Bakery,1,4.5,Cash,09:00:00,4.5
899,2024-02-07 10:00:00,Croissant,Food,2,4.0,Cash,10:00:00,8.0
900,2024-02-07 11:00:00,Muffin,Bakery,2,4.0,Card,11:00:00,8.0
901,2024-02-07 12:00:00,Latte,Bakery,4,3.0,Card,12:00:00,12.0
902,2024-02-07 13:00:00,Espresso,Tea,4,4.0,Cash,13:00:00,16.0
903,2024-02-07 14:00:00,Mocha,Bakery,4,3.0,Mobile Payment,14:00:00,12.0
904,2024-02-07 15:00:00,Cappuccino,Coffee,1,2.5,Card,15:00:00,2.5
905,2024-02-07 16:00:00,Mocha,Bakery,3,4.5,Mobile Payment,16:00:00,13.5
906,2024-02-07 17:00:00,Sandwich,Tea,4,4.0,Card,17:00:00,16.0
907,2024-02-07 18:00:00,Cake,Bakery,4,3.0,Card,18:00:00,12.0
908,2024-02-07 19:00:00,Cappuccino,Coffee,1,3.5,Mobile Payment,19:00:00,3.5
909,2024-02-07 20:00:00,Latte,Coffee,4,4.0,Card,20:00:00,16.0
910,2024-02-07 21:00:00,Latte,Coffee,1,5.0,Card,21:00:00,5.0
911,2024-02-07 22:00:00,Espresso,Tea,2,2.5,Mobile Payment,22:00:00,5.0
912,2024-02-07 23:00:00,Sandwich,Tea,4,2.5,Card,23:00:00,10.0
913,2024-02-08 00:00:00,Croissant,Food,4,3.5,Card,00:00:00,14.0
914,2024-02-08 01:00:00,Sandwich,Tea,2,3.0,Card,01:00:00,6.0
915,2024-02-08 02:00:00,Cake,Coffee,2,4.0,Mobile Payment,02:00:00,8.0
916,2024-02-08 03:00:00,Mocha,Coffee,2,3.0,Cash,03:00:00,6.0
917,2024-02-08 04:00:00,Latte,Tea,4,2.5,Mobile Payment,04:00:00,10.0
918,2024-02-08 05:00:00,Mocha,Bakery,3,3.0,Cash,05:00:00,9.0
919,2024-02-08 06:00:00,Mocha,Tea,3,2.5,Card,06:00:00,7.5
920,2024-02-08 07:00:00,Mocha,Tea,3,3.0,Cash,07:00:00,9.0
921,2024-02-08 08:00:00,Latte,Coffee,4,3.5,Mobile Payment,08:00:00,14.0
922,2024-02-08 09:00:00,Tea,Food,2,4.5,Mobile Payment,09:00:00,9.0
923,2024-02-08 10:00:00,Americano,Coffee,4,3.5,Card,10:00:00,14.0
924,2024-02-08 11:00:00,Cake,Food,2,3.5,Cash,11:00:00,7.0
925,2024-02-08 12:00:00,Tea,Coffee,4,4.5,Card,12:00:00,18.0
926,2024-02-08 13:00:00,Cake,Tea,4,4.5,Card,13:00:00,18.0
927,2024-02-08 14:00:00,Cappuccino,Coffee,2,4.0,Mobile Payment,14:00:00,8.0
928,2024-02-08 15:00:00,Sandwich,Coffee,3,4.0,Cash,15:00:00,12.0
929,2024-02-08 16:00:00,Sandwich,Coffee,2,3.5,Cash,16:00:00,7.0
930,2024-02-08 17:00:00,Muffin,Tea,1,3.5,Cash,17:00:00,3.5
931,2024-02-08 18:00:00,Sandwich,Tea,1,2.5,Cash,18:00:00,2.5
932,2024-02-08 19:00:00,Latte,Tea,2,2.5,Card,19:00:00,5.0
933,2024-02-08 20:00:00,Croissant,Tea,4,4.0,Card,20:00:00,16.0
934,2024-02-08 21:00:00,Espresso,Food,1,5.0,Mobile Payment,21:00:00,5.0
935,2024-02-08 22:00:00,Muffin,Food,1,5.0,Card,22:00:00,5.0
936,2024-02-08 23:00:00,Espresso,Bakery,4,4.0,Card,23:00:00,16.0
937,2024-02-09 00:00:00,Cake,Tea,4,2.5,Mobile Payment,00:00:00,10.0
938,2024-02-09 01:00:00,Espresso,Food,3,2.5,Mobile Payment,01:00:00,7.5
939,2024-02-09 02:00:00,Espresso,Coffee,4,5.0,Mobile Payment,02:00:00,20.0
940,2024-02-09 03:00:00,Muffin,Tea,2,3.0,Card,03:00:00,6.0
941,2024-02-09 04:00:00,Cappuccino,Bakery,2,3.0,Card,04:00:00,6.0
942,2024-02-09 05:00:00,Mocha,Bakery,3,2.5,Mobile Payment,05:00:00,7.5
943,2024-02-09 06:00:00,Sandwich,Bakery,1,3.0,Mobile Payment,06:00:00,3.0
944,2024-02-09 07:00:00,Sandwich,Coffee,1,4.5,Mobile Payment,07:00:00,4.5
945,2024-02-09 08:00:00,Latte,Food,4,4.0,Card,08:00:00,16.0
946,2024-02-09 09:00:00,Muffin,Coffee,2,4.0,Card,09:00:00,8.0
947,2024-02-09 10:00:00,Latte,Tea,1,2.5,Cash,10:00:00,2.5
948,2024-02-09 11:00:00,Croissant,Bakery,3,3.5,Card,11:00:00,10.5
949,2024-02-09 12:00:00,Croissant,Coffee,3,5.0,Card,12:00:00,15.0
950,2024-02-09 13:00:00,Latte,Coffee,2,2.5,Card,13:00:00,5.0
951,2024-02-09 14:00:00,Muffin,Food,3,3.0,Mobile Payment,14:00:00,9.0
952,2024-02-09 15:00:00,Latte,Food,3,5.0,Card,15:00:00,15.0
953,2024-02-09 16:00:00,Sandwich,Bakery,2,3.5,Mobile Payment,16:00:00,7.0
954,2024-02-09 17:00:00,Tea,Coffee,4,3.0,Cash,17:00:00,12.0
955,2024-02-09 18:00:00,Americano,Coffee,4,4.5,Cash,18:00:00,18.0
956,2024-02-09 19:00:00,Espresso,Food,3,3.0,Mobile Payment,19:00:00,9.0
957,2024-02-09 20:00:00,Americano,Coffee,4,4.5,Mobile Payment,20:00:00,18.0
958,2024-02-09 21:00:00,Muffin,Coffee,4,5.0,Mobile Payment,21:00:00,20.0
959,2024-02-09 22:00:00,Americano,Coffee,3,4.5,Card,22:00:00,13.5
960,2024-02-09 23:00:00,Croissant,Food,4,5.0,Cash,23:00:00,20.0
961,2024-02-10 00:00:00,Cake,Bakery,3,5.0,Mobile Payment,00:00:00,15.0
962,2024-02-10 01:00:00,Espresso,Tea,1,5.0,Card,01:00:00,5.0
963,2024-02-10 02:00:00,Mocha,Bakery,2,5.0,Cash,02:00:00,10.0
964,2024-02-10 03:00:00,Muffin,Tea,2,5.0,Card,03:00:00,10.0
965,2024-02-10 04:00:00,Espresso,Coffee,4,3.0,Cash,04:00:00,12.0
966,2024-02-10 05:00:00,Americano,Bakery,4,5.0,Card,05:00:00,20.0
967,2024-02-10 06:00:00,Croissant,Tea,4,3.0,Cash,06:00:00,12.0
968,2024-02-10 07:00:00,Cappuccino,Food,2,5.0,Cash,07:00:00,10.0
969,2024-02-10 08:00:00,Tea,Food,1,4.5,Card,08:00:00,4.5
970,2024-02-10 09:00:00,Mocha,Bakery,1,5.0,Mobile Payment,09:00:00,5.0
971,2024-02-10 10:00:00,Tea,Bakery,2,3.5,Cash,10:00:00,7.0
972,2024-02-10 11:00:00,Espresso,Coffee,1,5.0,Mobile Payment,11:00:00,5.0
973,2024-02-10 12:00:00,Croissant,Bakery,2,5.0,Card,12:00:00,10.0
974,2024-02-10 13:00:00,Croissant,Coffee,1,4.5,Mobile Payment,13:00:00,4.5
975,2024-02-10 14:00:00,Americano,Coffee,3,4.0,Mobile Payment,14:00:00,12.0
976,2024-02-10 15:00:00,Sandwich,Food,3,4.5,Mobile Payment,15:00:00,13.5
977,2024-02-10 16:00:00,Americano,Food,2,3.5,Mobile Payment,16:00:00,7.0
978,2024-02-10 17:00:00,Sandwich,Tea,1,4.0,Mobile Payment,17:00:00,4.0
979,2024-02-10 18:00:00,Sandwich,Food,4,2.5,Cash,18:00:00,10.0
980,2024-02-10 19:00:00,Mocha,Food,1,2.5,Cash,19:00:00,2.5
981,2024-02-10 20:00:00,Americano,Bakery,3,3.5,Cash,20:00:00,10.5
982,2024-02-10 21:00:00,Cappuccino,Food,3,4.5,Card,21:00:00,13.5
983,2024-02-10 22:00:00,Latte,Tea,1,3.0,Mobile Payment,22:00:00,3.0
984,2024-02-10 23:00:00,Latte,Bakery,1,3.5,Cash,23:00:00,3.5
985,2024-02-11 00:00:00,Americano,Tea,4,4.0,Card,00:00:00,16.0
986,2024-02-11 01:00:00,Americano,Food,4,4.0,Cash,01:00:00,16.0
987,2024-02-11 02:00:00,Tea,Tea,1,5.0,Cash,02:00:00,5.0
988,2024-02-11 03:00:00,Mocha,Bakery,1,2.5,Mobile Payment,03:00:00,2.5
989,2024-02-11 04:00:00,Americano,Coffee,1,4.0,Card,04:00:00,4.0
990,2024-02-11 05:00:00,Tea,Tea,1,3.5,Mobile Payment,05:00:00,3.5
991,2024-02-11 06:00:00,Sandwich,Tea,2,4.0,Mobile Payment,06:00:00,8.0
992,2024-02-11 07:00:00,Croissant,Bakery,1,3.5,Cash,07:00:00,3.5
993,2024-02-11 08:00:00,Croissant,Bakery,4,3.0,Mobile Payment,08:00:00,12.0
994,2024-02-11 09:00:00,Sandwich,Tea,3,5.0,Card,09:00:00,15.0
995,2024-02-11 10:00:00,Muffin,Food,2,2.5,Mobile Payment,10:00:00,5.0
996,2024-02-11 11:00:00,Tea,Tea,1,4.0,Mobile Payment,11:00:00,4.0
997,2024-02-11 12:00:00,Tea,Bakery,3,3.5,Mobile Payment,12:00:00,10.5
998,2024-02-11 13:00:00,Sandwich,Coffee,2,4.5,Cash,13:00:00,9.0
999,2024-02-11 14:00:00,Cappuccino,Coffee,3,2.5,Card,14:00:00,7.5
1000,2024-02-11 15:00:00,Cake,Food,1,3.0,Cash,15:00:00,3.0
1001,2024-02-11 16:00:00,Espresso,Tea,1,3.5,Cash,16:00:00,3.5
1002,2024-02-11 17:00:00,Sandwich,Coffee,4,5.0,Cash,17:00:00,20.0
1003,2024-02-11 18:00:00,Americano,Tea,1,5.0,Cash,18:00:00,5.0
1004,2024-02-11 19:00:00,Americano,Bakery,1,3.0,Cash,19:00:00,3.0
1005,2024-02-11 20:00:00,Mocha,Coffee,2,3.0,Card,20:00:00,6.0
1006,2024-02-11 21:00:00,Sandwich,Food,4,5.0,Mobile Payment,21:00:00,20.0
1007,2024-02-11 22:00:00,Mocha,Bakery,2,4.0,Cash,22:00:00,8.0
1008,2024-02-11 23:00:00,Sandwich,Food,3,4.0,Cash,23:00:00,12.0
1009,2024-02-12 00:00:00,Tea,Bakery,1,3.5,Card,00:00:00,3.5
1010,2024-02-12 01:00:00,Espresso,Coffee,3,4.5,Card,01:00:00,13.5
1011,2024-02-12 02:00:00,Tea,Food,2,3.5,Mobile Payment,02:00:00,7.0
1012,2024-02-12 03:00:00,Cake,Food,1,4.5,Card,03:00:00,4.5
1013,2024-02-12 04:00:00,Croissant,Bakery,1,3.0,Mobile Payment,04:00:00,3.0
1014,2024-02-12 05:00:00,Latte,Food,2,2.5,Cash,05:00:00,5.0
1015,2024-02-12 06:00:00,Sandwich,Bakery,2,3.5,Cash,06:00:00,7.0
1016,2024-02-12 07:00:00,Cake,Bakery,2,3.5,Mobile Payment,07:00:00,7.0
1017,2024-02-12 08:00:00,Croissant,Bakery,2,4.5,Card,08:00:00,9.0
1018,2024-02-12 09:00:00,Muffin,Bakery,2,3.0,Mobile Payment,09:00:00,6.0
1019,2024-02-12 10:00:00,Espresso,Coffee,1,3.0,Card,10:00:00,3.0
1020,2024-02-12 11:00:00,Mocha,Bakery,2,4.5,Cash,11:00:00,9.0
1021,2024-02-12 12:00:00,Mocha,Tea,1,3.0,Card,12:00:00,3.0
1022,2024-02-12 13:00:00,Tea,Food,1,5.0,Mobile Payment,13:00:00,5.0
1023,2024-02-12 14:00:00,Americano,Tea,2,4.0,Mobile Payment,14:00:00,8.0
1024,2024-02-12 15:00:00,Croissant,Coffee,2,5.0,Cash,15:00:00,10.0
1025,2024-02-12 16:00:00,Muffin,Tea,4,2.5,Card,16:00:00,10.0
1026,2024-02-12 17:00:00,Cake,Food,1,3.5,Card,17:00:00,3.5
1027,2024-02-12 18:00:00,Espresso,Tea,2,2.5,Card,18:00:00,5.0
1028,2024-02-12 19:00:00,Croissant,Coffee,2,3.5,Cash,19:00:00,7.0
1029,2024-02-12 20:00:00,Muffin,Bakery,2,4.0,Card,20:00:00,8.0
1030,2024-02-12 21:00:00,Latte,Tea,4,3.0,Mobile Payment,21:00:00,12.0
1031,2024-02-12 22:00:00,Sandwich,Coffee,4,5.0,Card,22:00:00,20.0
1032,2024-02-12 23:00:00,Mocha,Coffee,3,4.5,Cash,23:00:00,13.5
1033,2024-02-13 00:00:00,Cake,Food,1,5.0,Card,00:00:00,5.0
1034,2024-02-13 01:00:00,Mocha,Food,3,4.0,Card,01:00:00,12.0
1035,2024-02-13 02:00:00,Cake,Tea,2,2.5,Mobile Payment,02:00:00,5.0
1036,2024-02-13 03:00:00,Tea,Bakery,4,4.5,Card,03:00:00,18.0
1037,2024-02-13 04:00:00,Americano,Coffee,4,3.0,Mobile Payment,04:00:00,12.0
1038,2024-02-13 05:00:00,Cake,Tea,3,4.0,Mobile Payment,05:00:00,12.0
1039,2024-02-13 06:00:00,Mocha,Coffee,4,4.5,Cash,06:00:00,18.0
1040,2024-02-13 07:00:00,Tea,Coffee,2,4.0,Mobile Payment,07:00:00,8.0
1041,2024-02-13 08:00:00,Cake,Bakery,4,4.0,Mobile Payment,08:00:00,16.0
1042,2024-02-13 09:00:00,Latte,Bakery,3,3.0,Cash,09:00:00,9.0
1043,2024-02-13 10:00:00,Americano,Tea,2,3.5,Mobile Payment,10:00:00,7.0
1044,2024-02-13 11:00:00,Cake,Bakery,3,4.5,Cash,11:00:00,13.5
1045,2024-02-13 12:00:00,Tea,Bakery,4,3.0,Card,12:00:00,12.0
1046,2024-02-13 13:00:00,Croissant,Tea,3,4.0,Cash,13:00:00,12.0
1047,2024-02-13 14:00:00,Cappuccino,Bakery,3,3.0,Mobile Payment,14:00:00,9.0
1048,2024-02-13 15:00:00,Muffin,Food,1,3.5,Cash,15:00:00,3.5
1049,2024-02-13 16:00:00,Cappuccino,Coffee,4,5.0,Mobile Payment,16:00:00,20.0
1050,2024-02-13 17:00:00,Cappuccino,Coffee,4,4.5,Card,17:00:00,18.0
1051,2024-02-13 18:00:00,Espresso,Coffee,3,3.5,Cash,18:00:00,10.5
1052,2024-02-13 19:00:00,Latte,Coffee,1,2.5,Card,19:00:00,2.5
1053,2024-02-13 20:00:00,Croissant,Tea,4,4.5,Mobile Payment,20:00:00,18.0
1054,2024-02-13 21:00:00,Sandwich,Coffee,2,3.5,Mobile Payment,21:00:00,7.0
1055,2024-02-13 22:00:00,Cake,Coffee,3,4.0,Card,22:00:00,12.0
1056,2024-02-13 23:00:00,Muffin,Coffee,4,4.5,Cash,23:00:00,18.0
1057,2024-02-14 00:00:00,Americano,Coffee,2,4.5,Cash,00:00:00,9.0
1058,2024-02-14 01:00:00,Croissant,Food,4,3.0,Mobile Payment,01:00:00,12.0
1059,2024-02-14 02:00:00,Mocha,Coffee,2,4.0,Card,02:00:00,8.0
1060,2024-02-14 03:00:00,Sandwich,Food,3,2.5,Card,03:00:00,7.5
1061,2024-02-14 04:00:00,Espresso,Tea,4,5.0,Cash,04:00:00,20.0
1062,2024-02-14 05:00:00,Espresso,Bakery,4,3.5,Cash,05:00:00,14.0
1063,2024-02-14 06:00:00,Croissant,Coffee,1,3.0,Cash,06:00:00,3.0
1064,2024-02-14 07:00:00,Tea,Bakery,3,3.5,Card,07:00:00,10.5
1065,2024-02-14 08:00:00,Cappuccino,Bakery,2,2.5,Cash,08:00:00,5.0
1066,2024-02-14 09:00:00,Mocha,Tea,4,2.5,Cash,09:00:00,10.0
1067,2024-02-14 10:00:00,Espresso,Bakery,4,4.5,Mobile Payment,10:00:00,18.0
1068,2024-02-14 11:00:00,Muffin,Food,2,2.5,Cash,11:00:00,5.0
1069,2024-02-14 12:00:00,Espresso,Bakery,3,3.5,Cash,12:00:00,10.5
1070,2024-02-14 13:00:00,Americano,Bakery,1,4.0,Card,13:00:00,4.0
1071,2024-02-14 14:00:00,Cake,Bakery,1,4.0,Card,14:00:00,4.0
1072,2024-02-14 15:00:00,Espresso,Coffee,4,4.5,Mobile Payment,15:00:00,18.0
1073,2024-02-14 16:00:00,Americano,Coffee,2,5.0,Cash,16:00:00,10.0
1074,2024-02-14 17:00:00,Croissant,Food,4,3.5,Mobile Payment,17:00:00,14.0
1075,2024-02-14 18:00:00,Croissant,Food,2,3.5,Card,18:00:00,7.0
1076,2024-02-14 19:00:00,Sandwich,Coffee,1,2.5,Mobile Payment,19:00:00,2.5
1077,2024-02-14 20:00:00,Espresso,Food,3,3.5,Card,20:00:00,10.5
1078,2024-02-14 21:00:00,Muffin,Coffee,2,3.0,Mobile Payment,21:00:00,6.0
1079,2024-02-14 22:00:00,Espresso,Tea,1,5.0,Mobile Payment,22:00:00,5.0
1080,2024-02-14 23:00:00,Muffin,Bakery,4,2.5,Cash,23:00:00,10.0
1081,2024-02-15 00:00:00,Latte,Bakery,2,3.0,Mobile Payment,00:00:00,6.0
1082,2024-02-15 01:00:00,Sandwich,Food,3,4.5,Cash,01:00:00,13.5
1083,2024-02-15 02:00:00,Latte,Coffee,4,4.0,Cash,02:00:00,16.0
1084,2024-02-15 03:00:00,Espresso,Coffee,4,4.5,Cash,03:00:00,18.0
1085,2024-02-15 04:00:00,Sandwich,Food,1,4.0,Cash,04:00:00,4.0
1086,2024-02-15 05:00:00,Latte,Coffee,2,4.5,Mobile Payment,05:00:00,9.0
1087,2024-02-15 06:00:00,Cappuccino,Tea,4,3.5,Card,06:00:00,14.0
1088,2024-02-15 07:00:00,Espresso,Bakery,3,3.0,Card,07:00:00,9.0
1089,2024-02-15 08:00:00,Latte,Food,2,4.0,Card,08:00:00,8.0
1090,2024-02-15 09:00:00,Cappuccino,Food,3,2.5,Mobile Payment,09:00:00,7.5
1091,2024-02-15 10:00:00,Cappuccino,Coffee,4,3.0,Cash,10:00:00,12.0
1092,2024-02-15 11:00:00,Croissant,Food,3,2.5,Card,11:00:00,7.5
1093,2024-02-15 12:00:00,Espresso,Tea,1,3.0,Mobile Payment,12:00:00,3.0
1094,2024-02-15 13:00:00,Cappuccino,Coffee,3,3.0,Cash,13:00:00,9.0
1095,2024-02-15 14:00:00,Croissant,Coffee,2,4.5,Card,14:00:00,9.0
1096,2024-02-15 15:00:00,Latte,Coffee,3,4.0,Cash,15:00:00,12.0
1097,2024-02-15 16:00:00,Americano,Coffee,3,4.0,Card,16:00:00,12.0
1098,2024-02-15 17:00:00,Espresso,Tea,1,3.0,Card,17:00:00,3.0
1099,2024-02-15 18:00:00,Sandwich,Coffee,3,3.5,Card,18:00:00,10.5
1100,2024-02-15 19:00:00,Muffin,Food,3,3.5,Cash,19:00:00,10.5
1101,2024-02-15 20:00:00,Muffin,Tea,4,2.5,Mobile Payment,20:00:00,10.0
1102,2024-02-15 21:00:00,Latte,Bakery,4,2.5,Cash,21:00:00,10.0
1103,2024-02-15 22:00:00,Tea,Bakery,2,4.5,Card,22:00:00,9.0
1104,2024-02-15 23:00:00,Tea,Food,4,3.0,Cash,23:00:00,12.0
1105,2024-02-16 00:00:00,Latte,Food,4,2.5,Mobile Payment,00:00:00,10.0
1106,2024-02-16 01:00:00,Cappuccino,Tea,4,2.5,Cash,01:00:00,10.0
1107,2024-02-16 02:00:00,Espresso,Bakery,4,5.0,Mobile Payment,02:00:00,20.0
1108,2024-02-16 03:00:00,Muffin,Bakery,1,3.0,Mobile Payment,03:00:00,3.0
1109,2024-02-16 04:00:00,Muffin,Bakery,4,4.5,Cash,04:00:00,18.0
1110,2024-02-16 05:00:00,Cappuccino,Bakery,1,2.5,Card,05:00:00,2.5
1111,2024-02-16 06:00:00,Muffin,Bakery,1,4.5,Mobile Payment,06:00:00,4.5
1112,2024-02-16 07:00:00,Sandwich,Coffee,4,4.0,Cash,07:00:00,16.0
1113,2024-02-16 08:00:00,Espresso,Food,3,4.5,Mobile Payment,08:00:00,13.5
1114,2024-02-16 09:00:00,Cake,Coffee,1,3.5,Card,09:00:00,3.5
1115,2024-02-16 10:00:00,Muffin,Bakery,3,3.5,Cash,10:00:00,10.5
1116,2024-02-16 11:00:00,Latte,Tea,3,4.5,Cash,11:00:00,13.5
1117,2024-02-16 12:00:00,Sandwich,Tea,4,3.5,Cash,12:00:00,14.0
1118,2024-02-16 13:00:00,Muffin,Bakery,2,4.0,Card,13:00:00,8.0
1119,2024-02-16 14:00:00,Sandwich,Bakery,4,3.0,Mobile Payment,14:00:00,12.0
1120,2024-02-16 15:00:00,Croissant,Tea,2,3.5,Cash,15:00:00,7.0
1121,2024-02-16 16:00:00,Cake,Coffee,2,3.5,Mobile Payment,16:00:00,7.0
1122,2024-02-16 17:00:00,Mocha,Coffee,4,4.5,Mobile Payment,17:00:00,18.0
1123,2024-02-16 18:00:00,Latte,Bakery,4,4.0,Card,18:00:00,16.0
1124,2024-02-16 19:00:00,Latte,Coffee,2,3.0,Cash,19:00:00,6.0
1125,2024-02-16 20:00:00,Espresso,Tea,4,4.5,Mobile Payment,20:00:00,18.0
1126,2024-02-16 21:00:00,Sandwich,Coffee,2,4.5,Cash,21:00:00,9.0
1127,2024-02-16 22:00:00,Cappuccino,Bakery,3,5.0,Cash,22:00:00,15.0
1128,2024-02-16 23:00:00,Latte,Tea,4,4.0,Card,23:00:00,16.0
1129,2024-02-17 00:00:00,Sandwich,Coffee,3,3.0,Cash,00:00:00,9.0
1130,2024-02-17 01:00:00,Sandwich,Food,1,4.0,Cash,01:00:00,4.0
1131,2024-02-17 02:00:00,Americano,Tea,3,3.0,Mobile Payment,02:00:00,9.0
1132,2024-02-17 03:00:00,Americano,Tea,3,4.0,Card,03:00:00,12.0
1133,2024-02-17 04:00:00,Mocha,Food,2,4.5,Cash,04:00:00,9.0
1134,2024-02-17 05:00:00,Croissant,Food,3,4.5,Mobile Payment,05:00:00,13.5
1135,2024-02-17 06:00:00,Mocha,Tea,4,2.5,Card,06:00:00,10.0
1136,2024-02-17 07:00:00,Muffin,Food,2,3.5,Card,07:00:00,7.0
1137,2024-02-17 08:00:00,Cappuccino,Bakery,1,5.0,Mobile Payment,08:00:00,5.0
1138,2024-02-17 09:00:00,Muffin,Bakery,4,4.0,Mobile Payment,09:00:00,16.0
1139,2024-02-17 10:00:00,Tea,Bakery,1,5.0,Mobile Payment,10:00:00,5.0
1140,2024-02-17 11:00:00,Muffin,Tea,3,2.5,Mobile Payment,11:00:00,7.5
1141,2024-02-17 12:00:00,Espresso,Food,4,3.5,Mobile Payment,12:00:00,14.0
1142,2024-02-17 13:00:00,Muffin,Food,4,4.0,Cash,13:00:00,16.0
1143,2024-02-17 14:00:00,Mocha,Coffee,1,3.0,Cash,14:00:00,3.0
1144,2024-02-17 15:00:00,Latte,Coffee,4,3.5,Card,15:00:00,14.0
1145,2024-02-17 16:00:00,Latte,Food,4,4.5,Cash,16:00:00,18.0
1146,2024-02-17 17:00:00,Americano,Food,4,2.5,Cash,17:00:00,10.0
1147,2024-02-17 18:00:00,Cappuccino,Food,3,3.5,Cash,18:00:00,10.5
1148,2024-02-17 19:00:00,Cappuccino,Tea,1,3.5,Mobile Payment,19:00:00,3.5
1149,2024-02-17 20:00:00,Espresso,Food,4,4.5,Card,20:00:00,18.0
1150,2024-02-17 21:00:00,Mocha,Coffee,2,4.0,Card,21:00:00,8.0
1151,2024-02-17 22:00:00,Americano,Tea,2,3.0,Card,22:00:00,6.0
1152,2024-02-17 23:00:00,Tea,Food,2,4.5,Card,23:00:00,9.0
1153,2024-02-18 00:00:00,Cappuccino,Coffee,2,3.0,Cash,00:00:00,6.0
1154,2024-02-18 01:00:00,Latte,Tea,3,4.0,Cash,01:00:00,12.0
1155,2024-02-18 02:00:00,Muffin,Food,4,3.5,Mobile Payment,02:00:00,14.0
1156,2024-02-18 03:00:00,Muffin,Food,1,3.0,Card,03:00:00,3.0
1157,2024-02-18 04:00:00,Americano,Food,4,2.5,Cash,04:00:00,10.0
1158,2024-02-18 05:00:00,Mocha,Tea,3,2.5,Cash,05:00:00,7.5
1159,2024-02-18 06:00:00,Mocha,Coffee,2,4.5,Mobile Payment,06:00:00,9.0
1160,2024-02-18 07:00:00,Croissant,Coffee,3,4.0,Mobile Payment,07:00:00,12.0
1161,2024-02-18 08:00:00,Cake,Bakery,4,4.5,Mobile Payment,08:00:00,18.0
1162,2024-02-18 09:00:00,Cappuccino,Food,1,4.5,Cash,09:00:00,4.5
1163,2024-02-18 10:00:00,Mocha,Bakery,3,5.0,Cash,10:00:00,15.0
1164,2024-02-18 11:00:00,Latte,Bakery,1,4.5,Mobile Payment,11:00:00,4.5
1165,2024-02-18 12:00:00,Americano,Coffee,3,5.0,Card,12:00:00,15.0
1166,2024-02-18 13:00:00,Tea,Tea,1,2.5,Mobile Payment,13:00:00,2.5
1167,2024-02-18 14:00:00,Croissant,Tea,1,2.5,Mobile Payment,14:00:00,2.5
1168,2024-02-18 15:00:00,Sandwich,Coffee,2,4.5,Mobile Payment,15:00:00,9.0
1169,2024-02-18 16:00:00,Espresso,Tea,1,2.5,Mobile Payment,16:00:00,2.5
1170,2024-02-18 17:00:00,Tea,Bakery,2,4.0,Cash,17:00:00,8.0
1171,2024-02-18 18:00:00,Sandwich,Food,4,5.0,Card,18:00:00,20.0
1172,2024-02-18 19:00:00,Muffin,Coffee,4,5.0,Mobile Payment,19:00:00,20.0
1173,2024-02-18 20:00:00,Espresso,Food,2,4.5,Card,20:00:00,9.0
1174,2024-02-18 21:00:00,Cappuccino,Tea,2,2.5,Card,21:00:00,5.0
1175,2024-02-18 22:00:00,Latte,Food,3,3.0,Card,22:00:00,9.0
1176,2024-02-18 23:00:00,Espresso,Tea,3,5.0,Mobile Payment,23:00:00,15.0
1177,2024-02-19 00:00:00,Cake,Tea,3,4.5,Cash,00:00:00,13.5
1178,2024-02-19 01:00:00,Sandwich,Bakery,4,4.5,Mobile Payment,01:00:00,18.0
1179,2024-02-19 02:00:00,Cappuccino,Tea,3,4.0,Card,02:00:00,12.0
1180,2024-02-19 03:00:00,Cake,Bakery,1,3.5,Card,03:00:00,3.5
1181,2024-02-19 04:00:00,Muffin,Bakery,1,3.5,Cash,04:00:00,3.5
1182,2024-02-19 05:00:00,Cake,Bakery,3,5.0,Mobile Payment,05:00:00,15.0
1183,2024-02-19 06:00:00,Croissant,Coffee,1,4.0,Card,06:00:00,4.0
1184,2024-02-19 07:00:00,Croissant,Coffee,4,4.0,Cash,07:00:00,16.0
1185,2024-02-19 08:00:00,Americano,Tea,1,4.0,Card,08:00:00,4.0
1186,2024-02-19 09:00:00,Tea,Bakery,4,5.0,Cash,09:00:00,20.0
1187,2024-02-19 10:00:00,Tea,Coffee,2,3.5,Cash,10:00:00,7.0
1188,2024-02-19 11:00:00,Cappuccino,Bakery,2,4.0,Mobile Payment,11:00:00,8.0
1189,2024-02-19 12:00:00,Muffin,Food,2,2.5,Card,12:00:00,5.0
1190,2024-02-19 13:00:00,Mocha,Food,2,4.5,Mobile Payment,13:00:00,9.0
1191,2024-02-19 14:00:00,Croissant,Food,1,4.5,Card,14:00:00,4.5
1192,2024-02-19 15:00:00,Cappuccino,Tea,3,3.0,Mobile Payment,15:00:00,9.0
1193,2024-02-19 16:00:00,Mocha,Bakery,1,3.0,Card,16:00:00,3.0
1194,2024-02-19 17:00:00,Tea,Food,4,5.0,Mobile Payment,17:00:00,20.0
1195,2024-02-19 18:00:00,Americano,Coffee,1,5.0,Cash,18:00:00,5.0
1196,2024-02-19 19:00:00,Cake,Food,1,4.5,Card,19:00:00,4.5
1197,2024-02-19 20:00:00,Croissant,Food,4,2.5,Card,20:00:00,10.0
1198,2024-02-19 21:00:00,Cappuccino,Food,2,3.5,Cash,21:00:00,7.0
1199,2024-02-19 22:00:00,Espresso,Tea,2,3.5,Mobile Payment,22:00:00,7.0
1200,2024-02-19 23:00:00,Mocha,Coffee,2,5.0,Card,23:00:00,10.0
